Workbook

Sheet Raw_Ticket_Data
A1: Request Recieved | B1: Commitment | C1: Assignee | D1: Task Type | E1: Priority | F1: Ticket # | G1: Summary | H1: Status | I1: Start Date | J1: ETA | K1: Closed Date | L1: Sprint | M1: Notes | N1: Cycle Time (Days) | O1: Forecast Accuracy (ETA)
A2: Before | B2: Committed | C2: Dev 3 | D2: Support Task | E2: P2 (High) | F2: EXP-1023 | G2: Fix deployment failure in staging pipeline | H2: New | L2: =IF(K2="","",IF(AND(K2>=DATE(2025,10,21),K2<=DATE(2025,10,21)),"PI-3 Sprint 6",IF(AND(K2>=DATE(2025,10,22),K2<=DATE(2025,11,4)),"Sprint 1",IF(AND(K2>=DATE(2025,11,5),K2<=DATE(2025,11,18)),"Sprint 2",IF(AND(K2>=DATE(2025,11,19),K2<=DATE(2025,12,2)),"Sprint 3",IF(AND(K2>=DATE(2025,12,3),K2<=DATE(2025,12,16)),"Sprint 4",IF(AND(K2>=DATE(2025,12,17),K2<=DATE(2025,12,30)),"Sprint 5",IF(AND(K2>=DATE(2025,12,31),K2<=DATE(2026,1,20)),"Sprint 6","N/A")))))))) | N2: =IF(K2="", "", (K2 - I2 +1)) | O2: =IF(K2="","", IF(J2="", "N/A", IF(K2 > J2, "Late", IF(K2 < J2, "Early", IF(K2 = J2, "On time", "")))))
A3: Before | B3: Committed | C3: Dev 5 | D3: Task | E3: P3 (Med) | F3: EXP-1047 | G3: Update Terraform module for S3 encryption | H3: Closed | I3: 45952 | J3: 45966 | K3: 45967 | L3: =IF(K3="","",IF(AND(K3>=DATE(2025,10,21),K3<=DATE(2025,10,21)),"PI-3 Sprint 6",IF(AND(K3>=DATE(2025,10,22),K3<=DATE(2025,11,4)),"Sprint 1",IF(AND(K3>=DATE(2025,11,5),K3<=DATE(2025,11,18)),"Sprint 2",IF(AND(K3>=DATE(2025,11,19),K3<=DATE(2025,12,2)),"Sprint 3",IF(AND(K3>=DATE(2025,12,3),K3<=DATE(2025,12,16)),"Sprint 4",IF(AND(K3>=DATE(2025,12,17),K3<=DATE(2025,12,30)),"Sprint 5",IF(AND(K3>=DATE(2025,12,31),K3<=DATE(2026,1,20)),"Sprint 6","N/A")))))))) -> Sprint 2 | N3: =IF(K3="", "", (K3 - I3 +1)) -> 16 | O3: =IF(K3="","", IF(J3="", "N/A", IF(K3 > J3, "Late", IF(K3 < J3, "Early", IF(K3 = J3, "On time", ""))))) -> Late
A4: Before | B4: Committed | C4: Dev 1 | D4: Task | E4: P4 (Low) | F4: EXP-1091 | G4: Investigate intermittent API timeout errors | H4: Closed | I4: 45953 | J4: 45965 | K4: 45965 | L4: =IF(K4="","",IF(AND(K4>=DATE(2025,10,21),K4<=DATE(2025,10,21)),"PI-3 Sprint 6",IF(AND(K4>=DATE(2025,10,22),K4<=DATE(2025,11,4)),"Sprint 1",IF(AND(K4>=DATE(2025,11,5),K4<=DATE(2025,11,18)),"Sprint 2",IF(AND(K4>=DATE(2025,11,19),K4<=DATE(2025,12,2)),"Sprint 3",IF(AND(K4>=DATE(2025,12,3),K4<=DATE(2025,12,16)),"Sprint 4",IF(AND(K4>=DATE(2025,12,17),K4<=DATE(2025,12,30)),"Sprint 5",IF(AND(K4>=DATE(2025,12,31),K4<=DATE(2026,1,20)),"Sprint 6","N/A")))))))) -> Sprint 1 | N4: =IF(K4="", "", (K4 - I4 +1)) -> 13 | O4: =IF(K4="","", IF(J4="", "N/A", IF(K4 > J4, "Late", IF(K4 < J4, "Early", IF(K4 = J4, "On time", ""))))) -> On time
A5: Before | B5: Committed | C5: Dev 2 | D5: Task | E5: P1 (Critical) | F5: EXP-1112 | G5: Rotate expired service account credentials | H5: Closed | I5: 45952 | J5: 45966 | K5: 45966 | L5: =IF(K5="","",IF(AND(K5>=DATE(2025,10,21),K5<=DATE(2025,10,21)),"PI-3 Sprint 6",IF(AND(K5>=DATE(2025,10,22),K5<=DATE(2025,11,4)),"Sprint 1",IF(AND(K5>=DATE(2025,11,5),K5<=DATE(2025,11,18)),"Sprint 2",IF(AND(K5>=DATE(2025,11,19),K5<=DATE(2025,12,2)),"Sprint 3",IF(AND(K5>=DATE(2025,12,3),K5<=DATE(2025,12,16)),"Sprint 4",IF(AND(K5>=DATE(2025,12,17),K5<=DATE(2025,12,30)),"Sprint 5",IF(AND(K5>=DATE(2025,12,31),K5<=DATE(2026,1,20)),"Sprint 6","N/A")))))))) -> Sprint 2 | N5: =IF(K5="", "", (K5 - I5 +1)) -> 15 | O5: =IF(K5="","", IF(J5="", "N/A", IF(K5 > J5, "Late", IF(K5 < J5, "Early", IF(K5 = J5, "On time", ""))))) -> On time
A6: Before | B6: Committed | C6: Dev 4 | D6: Task | E6: P3 (Med) | F6: EXP-1138 | G6: Enable logging for failed Lambda executions | H6: New | L6: =IF(K6="","",IF(AND(K6>=DATE(2025,10,21),K6<=DATE(2025,10,21)),"PI-3 Sprint 6",IF(AND(K6>=DATE(2025,10,22),K6<=DATE(2025,11,4)),"Sprint 1",IF(AND(K6>=DATE(2025,11,5),K6<=DATE(2025,11,18)),"Sprint 2",IF(AND(K6>=DATE(2025,11,19),K6<=DATE(2025,12,2)),"Sprint 3",IF(AND(K6>=DATE(2025,12,3),K6<=DATE(2025,12,16)),"Sprint 4",IF(AND(K6>=DATE(2025,12,17),K6<=DATE(2025,12,30)),"Sprint 5",IF(AND(K6>=DATE(2025,12,31),K6<=DATE(2026,1,20)),"Sprint 6","N/A")))))))) | N6: =IF(K6="", "", (K6 - I6 +1)) | O6: =IF(K6="","", IF(J6="", "N/A", IF(K6 > J6, "Late", IF(K6 < J6, "Early", IF(K6 = J6, "On time", "")))))
A7: Before | B7: Committed | C7: Dev 2 | D7: Task | E7: P2 (High) | F7: EXP-1184 | G7: Clean up unused feature flags | H7: Closed | I7: 45961 | J7: 45965 | K7: 45965 | L7: =IF(K7="","",IF(AND(K7>=DATE(2025,10,21),K7<=DATE(2025,10,21)),"PI-3 Sprint 6",IF(AND(K7>=DATE(2025,10,22),K7<=DATE(2025,11,4)),"Sprint 1",IF(AND(K7>=DATE(2025,11,5),K7<=DATE(2025,11,18)),"Sprint 2",IF(AND(K7>=DATE(2025,11,19),K7<=DATE(2025,12,2)),"Sprint 3",IF(AND(K7>=DATE(2025,12,3),K7<=DATE(2025,12,16)),"Sprint 4",IF(AND(K7>=DATE(2025,12,17),K7<=DATE(2025,12,30)),"Sprint 5",IF(AND(K7>=DATE(2025,12,31),K7<=DATE(2026,1,20)),"Sprint 6","N/A")))))))) -> Sprint 1 | N7: =IF(K7="", "", (K7 - I7 +1)) -> 5 | O7: =IF(K7="","", IF(J7="", "N/A", IF(K7 > J7, "Late", IF(K7 < J7, "Early", IF(K7 = J7, "On time", ""))))) -> On time
A8: Before | B8: Committed | C8: Dev 4 | D8: Task | E8: P4 (Low) | F8: EXP-1219 | G8: Update CI runner to latest image version | H8: Closed | I8: 45953 | J8: 45964 | K8: 45963 | L8: =IF(K8="","",IF(AND(K8>=DATE(2025,10,21),K8<=DATE(2025,10,21)),"PI-3 Sprint 6",IF(AND(K8>=DATE(2025,10,22),K8<=DATE(2025,11,4)),"Sprint 1",IF(AND(K8>=DATE(2025,11,5),K8<=DATE(2025,11,18)),"Sprint 2",IF(AND(K8>=DATE(2025,11,19),K8<=DATE(2025,12,2)),"Sprint 3",IF(AND(K8>=DATE(2025,12,3),K8<=DATE(2025,12,16)),"Sprint 4",IF(AND(K8>=DATE(2025,12,17),K8<=DATE(2025,12,30)),"Sprint 5",IF(AND(K8>=DATE(2025,12,31),K8<=DATE(2026,1,20)),"Sprint 6","N/A")))))))) -> Sprint 1 | N8: =IF(K8="", "", (K8 - I8 +1)) -> 11 | O8: =IF(K8="","", IF(J8="", "N/A", IF(K8 > J8, "Late", IF(K8 < J8, "Early", IF(K8 = J8, "On time", ""))))) -> Early
A9: Before | B9: Committed | C9: Dev 3 | D9: Support Task | E9: P2 (High) | F9: EXP-1245 | G9: Fix broken link in internal runbook | H9: Closed | I9: 45955 | J9: 45960 | K9: 45960 | L9: =IF(K9="","",IF(AND(K9>=DATE(2025,10,21),K9<=DATE(2025,10,21)),"PI-3 Sprint 6",IF(AND(K9>=DATE(2025,10,22),K9<=DATE(2025,11,4)),"Sprint 1",IF(AND(K9>=DATE(2025,11,5),K9<=DATE(2025,11,18)),"Sprint 2",IF(AND(K9>=DATE(2025,11,19),K9<=DATE(2025,12,2)),"Sprint 3",IF(AND(K9>=DATE(2025,12,3),K9<=DATE(2025,12,16)),"Sprint 4",IF(AND(K9>=DATE(2025,12,17),K9<=DATE(2025,12,30)),"Sprint 5",IF(AND(K9>=DATE(2025,12,31),K9<=DATE(2026,1,20)),"Sprint 6","N/A")))))))) -> Sprint 1 | N9: =IF(K9="", "", (K9 - I9 +1)) -> 6 | O9: =IF(K9="","", IF(J9="", "N/A", IF(K9 > J9, "Late", IF(K9 < J9, "Early", IF(K9 = J9, "On time", ""))))) -> On time
A10: Before | B10: Committed | C10: Dev 1 | D10: Task | E10: P1 (Critical) | F10: EXP-1277 | G10: Investigate high memory usage on prod node | H10: New | L10: =IF(K10="","",IF(AND(K10>=DATE(2025,10,21),K10<=DATE(2025,10,21)),"PI-3 Sprint 6",IF(AND(K10>=DATE(2025,10,22),K10<=DATE(2025,11,4)),"Sprint 1",IF(AND(K10>=DATE(2025,11,5),K10<=DATE(2025,11,18)),"Sprint 2",IF(AND(K10>=DATE(2025,11,19),K10<=DATE(2025,12,2)),"Sprint 3",IF(AND(K10>=DATE(2025,12,3),K10<=DATE(2025,12,16)),"Sprint 4",IF(AND(K10>=DATE(2025,12,17),K10<=DATE(2025,12,30)),"Sprint 5",IF(AND(K10>=DATE(2025,12,31),K10<=DATE(2026,1,20)),"Sprint 6","N/A")))))))) | N10: =IF(K10="", "", (K10 - I10 +1)) | O10: =IF(K10="","", IF(J10="", "N/A", IF(K10 > J10, "Late", IF(K10 < J10, "Early", IF(K10 = J10, "On time", "")))))
A11: Before | B11: Committed | C11: Dev 5 | D11: Task | E11: P3 (Med) | F11: EXP-1296 | G11: Add alert for failed nightly batch job | H11: Closed | I11: 45952 | J11: 45963 | K11: 45963 | L11: =IF(K11="","",IF(AND(K11>=DATE(2025,10,21),K11<=DATE(2025,10,21)),"PI-3 Sprint 6",IF(AND(K11>=DATE(2025,10,22),K11<=DATE(2025,11,4)),"Sprint 1",IF(AND(K11>=DATE(2025,11,5),K11<=DATE(2025,11,18)),"Sprint 2",IF(AND(K11>=DATE(2025,11,19),K11<=DATE(2025,12,2)),"Sprint 3",IF(AND(K11>=DATE(2025,12,3),K11<=DATE(2025,12,16)),"Sprint 4",IF(AND(K11>=DATE(2025,12,17),K11<=DATE(2025,12,30)),"Sprint 5",IF(AND(K11>=DATE(2025,12,31),K11<=DATE(2026,1,20)),"Sprint 6","N/A")))))))) -> Sprint 1 | N11: =IF(K11="", "", (K11 - I11 +1)) -> 12 | O11: =IF(K11="","", IF(J11="", "N/A", IF(K11 > J11, "Late", IF(K11 < J11, "Early", IF(K11 = J11, "On time", ""))))) -> On time
A12: Before | B12: Committed | C12: Dev 1 | D12: Task | E12: P4 (Low) | F12: EXP-1321 | G12: Upgrade Kubernetes cluster minor version | H12: Closed | I12: 45958 | J12: 45963 | K12: 45963 | L12: =IF(K12="","",IF(AND(K12>=DATE(2025,10,21),K12<=DATE(2025,10,21)),"PI-3 Sprint 6",IF(AND(K12>=DATE(2025,10,22),K12<=DATE(2025,11,4)),"Sprint 1",IF(AND(K12>=DATE(2025,11,5),K12<=DATE(2025,11,18)),"Sprint 2",IF(AND(K12>=DATE(2025,11,19),K12<=DATE(2025,12,2)),"Sprint 3",IF(AND(K12>=DATE(2025,12,3),K12<=DATE(2025,12,16)),"Sprint 4",IF(AND(K12>=DATE(2025,12,17),K12<=DATE(2025,12,30)),"Sprint 5",IF(AND(K12>=DATE(2025,12,31),K12<=DATE(2026,1,20)),"Sprint 6","N/A")))))))) -> Sprint 1 | N12: =IF(K12="", "", (K12 - I12 +1)) -> 6 | O12: =IF(K12="","", IF(J12="", "N/A", IF(K12 > J12, "Late", IF(K12 < J12, "Early", IF(K12 = J12, "On time", ""))))) -> On time
A13: Before | B13: Committed | C13: Dev 3 | D13: Task | E13: P2 (High) | F13: EXP-1350 | G13: Resolve permission issue with secrets manager | H13: On Hold | I13: 45959 | J13: 45975 | L13: =IF(K13="","",IF(AND(K13>=DATE(2025,10,21),K13<=DATE(2025,10,21)),"PI-3 Sprint 6",IF(AND(K13>=DATE(2025,10,22),K13<=DATE(2025,11,4)),"Sprint 1",IF(AND(K13>=DATE(2025,11,5),K13<=DATE(2025,11,18)),"Sprint 2",IF(AND(K13>=DATE(2025,11,19),K13<=DATE(2025,12,2)),"Sprint 3",IF(AND(K13>=DATE(2025,12,3),K13<=DATE(2025,12,16)),"Sprint 4",IF(AND(K13>=DATE(2025,12,17),K13<=DATE(2025,12,30)),"Sprint 5",IF(AND(K13>=DATE(2025,12,31),K13<=DATE(2026,1,20)),"Sprint 6","N/A")))))))) | M13: Pending external dependency | N13: =IF(K13="", "", (K13 - I13 +1)) | O13: =IF(K13="","", IF(J13="", "N/A", IF(K13 > J13, "Late", IF(K13 < J13, "Early", IF(K13 = J13, "On time", "")))))
A14: Before | B14: Uncommitted | C14: Dev 4 | D14: Support Task | E14: P3 (Med) | F14: EXP-1389 | G14: Document rollback steps for payment service | H14: Closed | I14: 45960 | J14: 45979 | K14: 45976 | L14: =IF(K14="","",IF(AND(K14>=DATE(2025,10,21),K14<=DATE(2025,10,21)),"PI-3 Sprint 6",IF(AND(K14>=DATE(2025,10,22),K14<=DATE(2025,11,4)),"Sprint 1",IF(AND(K14>=DATE(2025,11,5),K14<=DATE(2025,11,18)),"Sprint 2",IF(AND(K14>=DATE(2025,11,19),K14<=DATE(2025,12,2)),"Sprint 3",IF(AND(K14>=DATE(2025,12,3),K14<=DATE(2025,12,16)),"Sprint 4",IF(AND(K14>=DATE(2025,12,17),K14<=DATE(2025,12,30)),"Sprint 5",IF(AND(K14>=DATE(2025,12,31),K14<=DATE(2026,1,20)),"Sprint 6","N/A")))))))) -> Sprint 2 | N14: =IF(K14="", "", (K14 - I14 +1)) -> 17 | O14: =IF(K14="","", IF(J14="", "N/A", IF(K14 > J14, "Late", IF(K14 < J14, "Early", IF(K14 = J14, "On time", ""))))) -> Early
A15: Before | B15: Uncommitted | C15: Dev 5 | D15: Support Task | E15: P1 (Critical) | F15: EXP-1413 | G15: Fix flaky integration test in CI | H15: Closed | I15: 45961 | J15: 45980 | K15: 45980 | L15: =IF(K15="","",IF(AND(K15>=DATE(2025,10,21),K15<=DATE(2025,10,21)),"PI-3 Sprint 6",IF(AND(K15>=DATE(2025,10,22),K15<=DATE(2025,11,4)),"Sprint 1",IF(AND(K15>=DATE(2025,11,5),K15<=DATE(2025,11,18)),"Sprint 2",IF(AND(K15>=DATE(2025,11,19),K15<=DATE(2025,12,2)),"Sprint 3",IF(AND(K15>=DATE(2025,12,3),K15<=DATE(2025,12,16)),"Sprint 4",IF(AND(K15>=DATE(2025,12,17),K15<=DATE(2025,12,30)),"Sprint 5",IF(AND(K15>=DATE(2025,12,31),K15<=DATE(2026,1,20)),"Sprint 6","N/A")))))))) -> Sprint 3 | N15: =IF(K15="", "", (K15 - I15 +1)) -> 20 | O15: =IF(K15="","", IF(J15="", "N/A", IF(K15 > J15, "Late", IF(K15 < J15, "Early", IF(K15 = J15, "On time", ""))))) -> On time
A16: Before | B16: Committed | C16: Dev 2 | D16: Task | E16: P4 (Low) | F16: EXP-1437 | G16: Investigate delayed message processing in queue | H16: New | L16: =IF(K16="","",IF(AND(K16>=DATE(2025,10,21),K16<=DATE(2025,10,21)),"PI-3 Sprint 6",IF(AND(K16>=DATE(2025,10,22),K16<=DATE(2025,11,4)),"Sprint 1",IF(AND(K16>=DATE(2025,11,5),K16<=DATE(2025,11,18)),"Sprint 2",IF(AND(K16>=DATE(2025,11,19),K16<=DATE(2025,12,2)),"Sprint 3",IF(AND(K16>=DATE(2025,12,3),K16<=DATE(2025,12,16)),"Sprint 4",IF(AND(K16>=DATE(2025,12,17),K16<=DATE(2025,12,30)),"Sprint 5",IF(AND(K16>=DATE(2025,12,31),K16<=DATE(2026,1,20)),"Sprint 6","N/A")))))))) | N16: =IF(K16="", "", (K16 - I16 +1)) | O16: =IF(K16="","", IF(J16="", "N/A", IF(K16 > J16, "Late", IF(K16 < J16, "Early", IF(K16 = J16, "On time", "")))))
A17: Before | B17: Committed | C17: Dev 4 | D17: Support Task | E17: P2 (High) | F17: EXP-1462 | G17: Add retry logic to webhook handler | H17: Closed | I17: 45964 | J17: 45981 | K17: 45981 | L17: =IF(K17="","",IF(AND(K17>=DATE(2025,10,21),K17<=DATE(2025,10,21)),"PI-3 Sprint 6",IF(AND(K17>=DATE(2025,10,22),K17<=DATE(2025,11,4)),"Sprint 1",IF(AND(K17>=DATE(2025,11,5),K17<=DATE(2025,11,18)),"Sprint 2",IF(AND(K17>=DATE(2025,11,19),K17<=DATE(2025,12,2)),"Sprint 3",IF(AND(K17>=DATE(2025,12,3),K17<=DATE(2025,12,16)),"Sprint 4",IF(AND(K17>=DATE(2025,12,17),K17<=DATE(2025,12,30)),"Sprint 5",IF(AND(K17>=DATE(2025,12,31),K17<=DATE(2026,1,20)),"Sprint 6","N/A")))))))) -> Sprint 3 | N17: =IF(K17="", "", (K17 - I17 +1)) -> 18 | O17: =IF(K17="","", IF(J17="", "N/A", IF(K17 > J17, "Late", IF(K17 < J17, "Early", IF(K17 = J17, "On time", ""))))) -> On time
A18: Before | B18: Committed | C18: Dev 2 | D18: Task | E18: P3 (Med) | F18: EXP-1488 | G18: Update autoscaling thresholds for API service | H18: Closed | I18: 45965 | J18: 45973 | K18: 45973 | L18: =IF(K18="","",IF(AND(K18>=DATE(2025,10,21),K18<=DATE(2025,10,21)),"PI-3 Sprint 6",IF(AND(K18>=DATE(2025,10,22),K18<=DATE(2025,11,4)),"Sprint 1",IF(AND(K18>=DATE(2025,11,5),K18<=DATE(2025,11,18)),"Sprint 2",IF(AND(K18>=DATE(2025,11,19),K18<=DATE(2025,12,2)),"Sprint 3",IF(AND(K18>=DATE(2025,12,3),K18<=DATE(2025,12,16)),"Sprint 4",IF(AND(K18>=DATE(2025,12,17),K18<=DATE(2025,12,30)),"Sprint 5",IF(AND(K18>=DATE(2025,12,31),K18<=DATE(2026,1,20)),"Sprint 6","N/A")))))))) -> Sprint 2 | N18: =IF(K18="", "", (K18 - I18 +1)) -> 9 | O18: =IF(K18="","", IF(J18="", "N/A", IF(K18 > J18, "Late", IF(K18 < J18, "Early", IF(K18 = J18, "On time", ""))))) -> On time
A19: Before | B19: Committed | C19: Dev 5 | D19: Support Task | E19: P3 (Med) | F19: EXP-1514 | G19: Fix incorrect environment variable in prod | H19: Closed | I19: 45964 | J19: 45981 | K19: 45981 | L19: =IF(K19="","",IF(AND(K19>=DATE(2025,10,21),K19<=DATE(2025,10,21)),"PI-3 Sprint 6",IF(AND(K19>=DATE(2025,10,22),K19<=DATE(2025,11,4)),"Sprint 1",IF(AND(K19>=DATE(2025,11,5),K19<=DATE(2025,11,18)),"Sprint 2",IF(AND(K19>=DATE(2025,11,19),K19<=DATE(2025,12,2)),"Sprint 3",IF(AND(K19>=DATE(2025,12,3),K19<=DATE(2025,12,16)),"Sprint 4",IF(AND(K19>=DATE(2025,12,17),K19<=DATE(2025,12,30)),"Sprint 5",IF(AND(K19>=DATE(2025,12,31),K19<=DATE(2026,1,20)),"Sprint 6","N/A")))))))) -> Sprint 3 | N19: =IF(K19="", "", (K19 - I19 +1)) -> 18 | O19: =IF(K19="","", IF(J19="", "N/A", IF(K19 > J19, "Late", IF(K19 < J19, "Early", IF(K19 = J19, "On time", ""))))) -> On time
A20: Before | B20: Committed | C20: Dev 3 | D20: Support Task | E20: P1 (Critical) | F20: EXP-1541 | G20: Review and update deployment approval process | H20: New | L20: =IF(K20="","",IF(AND(K20>=DATE(2025,10,21),K20<=DATE(2025,10,21)),"PI-3 Sprint 6",IF(AND(K20>=DATE(2025,10,22),K20<=DATE(2025,11,4)),"Sprint 1",IF(AND(K20>=DATE(2025,11,5),K20<=DATE(2025,11,18)),"Sprint 2",IF(AND(K20>=DATE(2025,11,19),K20<=DATE(2025,12,2)),"Sprint 3",IF(AND(K20>=DATE(2025,12,3),K20<=DATE(2025,12,16)),"Sprint 4",IF(AND(K20>=DATE(2025,12,17),K20<=DATE(2025,12,30)),"Sprint 5",IF(AND(K20>=DATE(2025,12,31),K20<=DATE(2026,1,20)),"Sprint 6","N/A")))))))) | N20: =IF(K20="", "", (K20 - I20 +1)) | O20: =IF(K20="","", IF(J20="", "N/A", IF(K20 > J20, "Late", IF(K20 < J20, "Early", IF(K20 = J20, "On time", "")))))
A21: Before | B21: Committed | C21: Dev 1 | D21: Task | E21: P4 (Low) | F21: EXP-1569 | G21: Investigate missing logs from worker service | H21: Closed | I21: 45967 | J21: 45987 | K21: 45987 | L21: =IF(K21="","",IF(AND(K21>=DATE(2025,10,21),K21<=DATE(2025,10,21)),"PI-3 Sprint 6",IF(AND(K21>=DATE(2025,10,22),K21<=DATE(2025,11,4)),"Sprint 1",IF(AND(K21>=DATE(2025,11,5),K21<=DATE(2025,11,18)),"Sprint 2",IF(AND(K21>=DATE(2025,11,19),K21<=DATE(2025,12,2)),"Sprint 3",IF(AND(K21>=DATE(2025,12,3),K21<=DATE(2025,12,16)),"Sprint 4",IF(AND(K21>=DATE(2025,12,17),K21<=DATE(2025,12,30)),"Sprint 5",IF(AND(K21>=DATE(2025,12,31),K21<=DATE(2026,1,20)),"Sprint 6","N/A")))))))) -> Sprint 3 | N21: =IF(K21="", "", (K21 - I21 +1)) -> 21 | O21: =IF(K21="","", IF(J21="", "N/A", IF(K21 > J21, "Late", IF(K21 < J21, "Early", IF(K21 = J21, "On time", ""))))) -> On time
A22: Before | B22: Committed | C22: Dev 5 | D22: Task | E22: P2 (High) | F22: EXP-1593 | G22: Update monitoring dashboard for latency metrics | H22: Closed | I22: 45968 | J22: 45975 | K22: 45975 | L22: =IF(K22="","",IF(AND(K22>=DATE(2025,10,21),K22<=DATE(2025,10,21)),"PI-3 Sprint 6",IF(AND(K22>=DATE(2025,10,22),K22<=DATE(2025,11,4)),"Sprint 1",IF(AND(K22>=DATE(2025,11,5),K22<=DATE(2025,11,18)),"Sprint 2",IF(AND(K22>=DATE(2025,11,19),K22<=DATE(2025,12,2)),"Sprint 3",IF(AND(K22>=DATE(2025,12,3),K22<=DATE(2025,12,16)),"Sprint 4",IF(AND(K22>=DATE(2025,12,17),K22<=DATE(2025,12,30)),"Sprint 5",IF(AND(K22>=DATE(2025,12,31),K22<=DATE(2026,1,20)),"Sprint 6","N/A")))))))) -> Sprint 2 | N22: =IF(K22="", "", (K22 - I22 +1)) -> 8 | O22: =IF(K22="","", IF(J22="", "N/A", IF(K22 > J22, "Late", IF(K22 < J22, "Early", IF(K22 = J22, "On time", ""))))) -> On time
A23: Before | B23: Committed | C23: Dev 3 | D23: Task | E23: P1 (Critical) | F23: EXP-1620 | G23: Fix failed database migration in staging | H23: Closed | I23: 45955 | J23: 45965 | K23: 45965 | L23: =IF(K23="","",IF(AND(K23>=DATE(2025,10,21),K23<=DATE(2025,10,21)),"PI-3 Sprint 6",IF(AND(K23>=DATE(2025,10,22),K23<=DATE(2025,11,4)),"Sprint 1",IF(AND(K23>=DATE(2025,11,5),K23<=DATE(2025,11,18)),"Sprint 2",IF(AND(K23>=DATE(2025,11,19),K23<=DATE(2025,12,2)),"Sprint 3",IF(AND(K23>=DATE(2025,12,3),K23<=DATE(2025,12,16)),"Sprint 4",IF(AND(K23>=DATE(2025,12,17),K23<=DATE(2025,12,30)),"Sprint 5",IF(AND(K23>=DATE(2025,12,31),K23<=DATE(2026,1,20)),"Sprint 6","N/A")))))))) -> Sprint 1 | N23: =IF(K23="", "", (K23 - I23 +1)) -> 11 | O23: =IF(K23="","", IF(J23="", "N/A", IF(K23 > J23, "Late", IF(K23 < J23, "Early", IF(K23 = J23, "On time", ""))))) -> On time
A24: Before | B24: Committed | C24: Dev 1 | D24: Task | E24: P3 (Med) | F24: EXP-1648 | G24: Add health check endpoint to auth service | H24: New | L24: =IF(K24="","",IF(AND(K24>=DATE(2025,10,21),K24<=DATE(2025,10,21)),"PI-3 Sprint 6",IF(AND(K24>=DATE(2025,10,22),K24<=DATE(2025,11,4)),"Sprint 1",IF(AND(K24>=DATE(2025,11,5),K24<=DATE(2025,11,18)),"Sprint 2",IF(AND(K24>=DATE(2025,11,19),K24<=DATE(2025,12,2)),"Sprint 3",IF(AND(K24>=DATE(2025,12,3),K24<=DATE(2025,12,16)),"Sprint 4",IF(AND(K24>=DATE(2025,12,17),K24<=DATE(2025,12,30)),"Sprint 5",IF(AND(K24>=DATE(2025,12,31),K24<=DATE(2026,1,20)),"Sprint 6","N/A")))))))) | N24: =IF(K24="", "", (K24 - I24 +1)) | O24: =IF(K24="","", IF(J24="", "N/A", IF(K24 > J24, "Late", IF(K24 < J24, "Early", IF(K24 = J24, "On time", "")))))
A25: Before | B25: Committed | C25: Dev 2 | D25: Support Task | E25: P4 (Low) | F25: EXP-1675 | G25: Clean up deprecated IAM roles | H25: Closed | I25: 45969 | J25: 45969 | K25: 45969 | L25: =IF(K25="","",IF(AND(K25>=DATE(2025,10,21),K25<=DATE(2025,10,21)),"PI-3 Sprint 6",IF(AND(K25>=DATE(2025,10,22),K25<=DATE(2025,11,4)),"Sprint 1",IF(AND(K25>=DATE(2025,11,5),K25<=DATE(2025,11,18)),"Sprint 2",IF(AND(K25>=DATE(2025,11,19),K25<=DATE(2025,12,2)),"Sprint 3",IF(AND(K25>=DATE(2025,12,3),K25<=DATE(2025,12,16)),"Sprint 4",IF(AND(K25>=DATE(2025,12,17),K25<=DATE(2025,12,30)),"Sprint 5",IF(AND(K25>=DATE(2025,12,31),K25<=DATE(2026,1,20)),"Sprint 6","N/A")))))))) -> Sprint 2 | N25: =IF(K25="", "", (K25 - I25 +1)) -> 1 | O25: =IF(K25="","", IF(J25="", "N/A", IF(K25 > J25, "Late", IF(K25 < J25, "Early", IF(K25 = J25, "On time", ""))))) -> On time
A26: Before | B26: Committed | C26: Dev 4 | D26: Support Task | E26: P2 (High) | F26: EXP-1699 | G26: Investigate spike in 500 errors after release | H26: WIP | I26: 45967 | J26: 45987 | L26: =IF(K26="","",IF(AND(K26>=DATE(2025,10,21),K26<=DATE(2025,10,21)),"PI-3 Sprint 6",IF(AND(K26>=DATE(2025,10,22),K26<=DATE(2025,11,4)),"Sprint 1",IF(AND(K26>=DATE(2025,11,5),K26<=DATE(2025,11,18)),"Sprint 2",IF(AND(K26>=DATE(2025,11,19),K26<=DATE(2025,12,2)),"Sprint 3",IF(AND(K26>=DATE(2025,12,3),K26<=DATE(2025,12,16)),"Sprint 4",IF(AND(K26>=DATE(2025,12,17),K26<=DATE(2025,12,30)),"Sprint 5",IF(AND(K26>=DATE(2025,12,31),K26<=DATE(2026,1,20)),"Sprint 6","N/A")))))))) | N26: =IF(K26="", "", (K26 - I26 +1)) | O26: =IF(K26="","", IF(J26="", "N/A", IF(K26 > J26, "Late", IF(K26 < J26, "Early", IF(K26 = J26, "On time", "")))))
A27: Before | B27: Committed | C27: Dev 2 | D27: Task | E27: P3 (Med) | F27: EXP-1724 | G27: Update Helm chart values for prod | H27: WIP | I27: 45973 | J27: 45995 | L27: =IF(K27="","",IF(AND(K27>=DATE(2025,10,21),K27<=DATE(2025,10,21)),"PI-3 Sprint 6",IF(AND(K27>=DATE(2025,10,22),K27<=DATE(2025,11,4)),"Sprint 1",IF(AND(K27>=DATE(2025,11,5),K27<=DATE(2025,11,18)),"Sprint 2",IF(AND(K27>=DATE(2025,11,19),K27<=DATE(2025,12,2)),"Sprint 3",IF(AND(K27>=DATE(2025,12,3),K27<=DATE(2025,12,16)),"Sprint 4",IF(AND(K27>=DATE(2025,12,17),K27<=DATE(2025,12,30)),"Sprint 5",IF(AND(K27>=DATE(2025,12,31),K27<=DATE(2026,1,20)),"Sprint 6","N/A")))))))) | N27: =IF(K27="", "", (K27 - I27 +1)) | O27: =IF(K27="","", IF(J27="", "N/A", IF(K27 > J27, "Late", IF(K27 < J27, "Early", IF(K27 = J27, "On time", "")))))
A28: Before | B28: Committed | C28: Dev 1 | D28: Task | E28: P1 (Critical) | F28: EXP-1746 | G28: Fix cache invalidation issue | H28: New | L28: =IF(K28="","",IF(AND(K28>=DATE(2025,10,21),K28<=DATE(2025,10,21)),"PI-3 Sprint 6",IF(AND(K28>=DATE(2025,10,22),K28<=DATE(2025,11,4)),"Sprint 1",IF(AND(K28>=DATE(2025,11,5),K28<=DATE(2025,11,18)),"Sprint 2",IF(AND(K28>=DATE(2025,11,19),K28<=DATE(2025,12,2)),"Sprint 3",IF(AND(K28>=DATE(2025,12,3),K28<=DATE(2025,12,16)),"Sprint 4",IF(AND(K28>=DATE(2025,12,17),K28<=DATE(2025,12,30)),"Sprint 5",IF(AND(K28>=DATE(2025,12,31),K28<=DATE(2026,1,20)),"Sprint 6","N/A")))))))) | N28: =IF(K28="", "", (K28 - I28 +1)) | O28: =IF(K28="","", IF(J28="", "N/A", IF(K28 > J28, "Late", IF(K28 < J28, "Early", IF(K28 = J28, "On time", "")))))
A29: Before | B29: Committed | C29: Dev 5 | D29: Support Task | E29: P4 (Low) | F29: EXP-1778 | G29: Document on-call escalation procedure | H29: Closed | I29: 45975 | J29: 46000 | K29: 46000 | L29: =IF(K29="","",IF(AND(K29>=DATE(2025,10,21),K29<=DATE(2025,10,21)),"PI-3 Sprint 6",IF(AND(K29>=DATE(2025,10,22),K29<=DATE(2025,11,4)),"Sprint 1",IF(AND(K29>=DATE(2025,11,5),K29<=DATE(2025,11,18)),"Sprint 2",IF(AND(K29>=DATE(2025,11,19),K29<=DATE(2025,12,2)),"Sprint 3",IF(AND(K29>=DATE(2025,12,3),K29<=DATE(2025,12,16)),"Sprint 4",IF(AND(K29>=DATE(2025,12,17),K29<=DATE(2025,12,30)),"Sprint 5",IF(AND(K29>=DATE(2025,12,31),K29<=DATE(2026,1,20)),"Sprint 6","N/A")))))))) -> Sprint 4 | N29: =IF(K29="", "", (K29 - I29 +1)) -> 26 | O29: =IF(K29="","", IF(J29="", "N/A", IF(K29 > J29, "Late", IF(K29 < J29, "Early", IF(K29 = J29, "On time", ""))))) -> On time
A30: Before | B30: Committed | C30: Dev 4 | D30: Task | E30: P2 (High) | F30: EXP-1801 | G30: Investigate slow startup time for service | H30: Closed | I30: 45973 | J30: 45995 | K30: 45995 | L30: =IF(K30="","",IF(AND(K30>=DATE(2025,10,21),K30<=DATE(2025,10,21)),"PI-3 Sprint 6",IF(AND(K30>=DATE(2025,10,22),K30<=DATE(2025,11,4)),"Sprint 1",IF(AND(K30>=DATE(2025,11,5),K30<=DATE(2025,11,18)),"Sprint 2",IF(AND(K30>=DATE(2025,11,19),K30<=DATE(2025,12,2)),"Sprint 3",IF(AND(K30>=DATE(2025,12,3),K30<=DATE(2025,12,16)),"Sprint 4",IF(AND(K30>=DATE(2025,12,17),K30<=DATE(2025,12,30)),"Sprint 5",IF(AND(K30>=DATE(2025,12,31),K30<=DATE(2026,1,20)),"Sprint 6","N/A")))))))) -> Sprint 4 | N30: =IF(K30="", "", (K30 - I30 +1)) -> 23 | O30: =IF(K30="","", IF(J30="", "N/A", IF(K30 > J30, "Late", IF(K30 < J30, "Early", IF(K30 = J30, "On time", ""))))) -> On time
A31: After | B31: Uncommitted | C31: Dev 3 | D31: Task | E31: P3 (Med) | F31: EXP-1827 | G31: Add alert for disk space threshold | H31: WIP | I31: 45978 | J31: 46001 | L31: =IF(K31="","",IF(AND(K31>=DATE(2025,10,21),K31<=DATE(2025,10,21)),"PI-3 Sprint 6",IF(AND(K31>=DATE(2025,10,22),K31<=DATE(2025,11,4)),"Sprint 1",IF(AND(K31>=DATE(2025,11,5),K31<=DATE(2025,11,18)),"Sprint 2",IF(AND(K31>=DATE(2025,11,19),K31<=DATE(2025,12,2)),"Sprint 3",IF(AND(K31>=DATE(2025,12,3),K31<=DATE(2025,12,16)),"Sprint 4",IF(AND(K31>=DATE(2025,12,17),K31<=DATE(2025,12,30)),"Sprint 5",IF(AND(K31>=DATE(2025,12,31),K31<=DATE(2026,1,20)),"Sprint 6","N/A")))))))) | N31: =IF(K31="", "", (K31 - I31 +1)) | O31: =IF(K31="","", IF(J31="", "N/A", IF(K31 > J31, "Late", IF(K31 < J31, "Early", IF(K31 = J31, "On time", "")))))
A32: After | B32: Uncommitted | C32: Dev 4 | D32: Task | E32: P4 (Low) | F32: EXP-1852 | G32: Fix broken dependency in build pipeline | H32: New | L32: =IF(K32="","",IF(AND(K32>=DATE(2025,10,21),K32<=DATE(2025,10,21)),"PI-3 Sprint 6",IF(AND(K32>=DATE(2025,10,22),K32<=DATE(2025,11,4)),"Sprint 1",IF(AND(K32>=DATE(2025,11,5),K32<=DATE(2025,11,18)),"Sprint 2",IF(AND(K32>=DATE(2025,11,19),K32<=DATE(2025,12,2)),"Sprint 3",IF(AND(K32>=DATE(2025,12,3),K32<=DATE(2025,12,16)),"Sprint 4",IF(AND(K32>=DATE(2025,12,17),K32<=DATE(2025,12,30)),"Sprint 5",IF(AND(K32>=DATE(2025,12,31),K32<=DATE(2026,1,20)),"Sprint 6","N/A")))))))) | N32: =IF(K32="", "", (K32 - I32 +1)) | O32: =IF(K32="","", IF(J32="", "N/A", IF(K32 > J32, "Late", IF(K32 < J32, "Early", IF(K32 = J32, "On time", "")))))
A33: After | B33: Uncommitted | C33: Dev 5 | D33: Support Task | E33: P1 (Critical) | F33: EXP-1876 | G33: Update README for deployment repo | H33: Closed | I33: 45992 | J33: 46002 | K33: 46003 | L33: =IF(K33="","",IF(AND(K33>=DATE(2025,10,21),K33<=DATE(2025,10,21)),"PI-3 Sprint 6",IF(AND(K33>=DATE(2025,10,22),K33<=DATE(2025,11,4)),"Sprint 1",IF(AND(K33>=DATE(2025,11,5),K33<=DATE(2025,11,18)),"Sprint 2",IF(AND(K33>=DATE(2025,11,19),K33<=DATE(2025,12,2)),"Sprint 3",IF(AND(K33>=DATE(2025,12,3),K33<=DATE(2025,12,16)),"Sprint 4",IF(AND(K33>=DATE(2025,12,17),K33<=DATE(2025,12,30)),"Sprint 5",IF(AND(K33>=DATE(2025,12,31),K33<=DATE(2026,1,20)),"Sprint 6","N/A")))))))) -> Sprint 4 | N33: =IF(K33="", "", (K33 - I33 +1)) -> 12 | O33: =IF(K33="","", IF(J33="", "N/A", IF(K33 > J33, "Late", IF(K33 < J33, "Early", IF(K33 = J33, "On time", ""))))) -> Late
A34: After | B34: Uncommitted | C34: Dev 3 | D34: Task | E34: P2 (High) | F34: EXP-1904 | G34: Investigate failed scheduled job | H34: WIP | I34: 45980 | J34: 46003 | L34: =IF(K34="","",IF(AND(K34>=DATE(2025,10,21),K34<=DATE(2025,10,21)),"PI-3 Sprint 6",IF(AND(K34>=DATE(2025,10,22),K34<=DATE(2025,11,4)),"Sprint 1",IF(AND(K34>=DATE(2025,11,5),K34<=DATE(2025,11,18)),"Sprint 2",IF(AND(K34>=DATE(2025,11,19),K34<=DATE(2025,12,2)),"Sprint 3",IF(AND(K34>=DATE(2025,12,3),K34<=DATE(2025,12,16)),"Sprint 4",IF(AND(K34>=DATE(2025,12,17),K34<=DATE(2025,12,30)),"Sprint 5",IF(AND(K34>=DATE(2025,12,31),K34<=DATE(2026,1,20)),"Sprint 6","N/A")))))))) | N34: =IF(K34="", "", (K34 - I34 +1)) | O34: =IF(K34="","", IF(J34="", "N/A", IF(K34 > J34, "Late", IF(K34 < J34, "Early", IF(K34 = J34, "On time", "")))))
A35: After | B35: Uncommitted | C35: Dev 5 | D35: Task | E35: P3 (Med) | F35: EXP-1931 | G35: Fix typo in environment configuration | H35: New | L35: =IF(K35="","",IF(AND(K35>=DATE(2025,10,21),K35<=DATE(2025,10,21)),"PI-3 Sprint 6",IF(AND(K35>=DATE(2025,10,22),K35<=DATE(2025,11,4)),"Sprint 1",IF(AND(K35>=DATE(2025,11,5),K35<=DATE(2025,11,18)),"Sprint 2",IF(AND(K35>=DATE(2025,11,19),K35<=DATE(2025,12,2)),"Sprint 3",IF(AND(K35>=DATE(2025,12,3),K35<=DATE(2025,12,16)),"Sprint 4",IF(AND(K35>=DATE(2025,12,17),K35<=DATE(2025,12,30)),"Sprint 5",IF(AND(K35>=DATE(2025,12,31),K35<=DATE(2026,1,20)),"Sprint 6","N/A")))))))) | N35: =IF(K35="", "", (K35 - I35 +1)) | O35: =IF(K35="","", IF(J35="", "N/A", IF(K35 > J35, "Late", IF(K35 < J35, "Early", IF(K35 = J35, "On time", "")))))
A36: After | B36: Uncommitted | C36: Dev 1 | D36: Support Task | E36: P4 (Low) | F36: EXP-1959 | G36: Update secret rotation schedule | H36: WIP | I36: 45980 | J36: 46003 | L36: =IF(K36="","",IF(AND(K36>=DATE(2025,10,21),K36<=DATE(2025,10,21)),"PI-3 Sprint 6",IF(AND(K36>=DATE(2025,10,22),K36<=DATE(2025,11,4)),"Sprint 1",IF(AND(K36>=DATE(2025,11,5),K36<=DATE(2025,11,18)),"Sprint 2",IF(AND(K36>=DATE(2025,11,19),K36<=DATE(2025,12,2)),"Sprint 3",IF(AND(K36>=DATE(2025,12,3),K36<=DATE(2025,12,16)),"Sprint 4",IF(AND(K36>=DATE(2025,12,17),K36<=DATE(2025,12,30)),"Sprint 5",IF(AND(K36>=DATE(2025,12,31),K36<=DATE(2026,1,20)),"Sprint 6","N/A")))))))) | N36: =IF(K36="", "", (K36 - I36 +1)) | O36: =IF(K36="","", IF(J36="", "N/A", IF(K36 > J36, "Late", IF(K36 < J36, "Early", IF(K36 = J36, "On time", "")))))
A37: After | B37: Uncommitted | C37: Dev 2 | D37: Support Task | E37: P2 (High) | F37: EXP-1983 | G37: Investigate dropped events in analytics pipeline | H37: Closed | I37: 45993 | J37: 46007 | K37: 46007 | L37: =IF(K37="","",IF(AND(K37>=DATE(2025,10,21),K37<=DATE(2025,10,21)),"PI-3 Sprint 6",IF(AND(K37>=DATE(2025,10,22),K37<=DATE(2025,11,4)),"Sprint 1",IF(AND(K37>=DATE(2025,11,5),K37<=DATE(2025,11,18)),"Sprint 2",IF(AND(K37>=DATE(2025,11,19),K37<=DATE(2025,12,2)),"Sprint 3",IF(AND(K37>=DATE(2025,12,3),K37<=DATE(2025,12,16)),"Sprint 4",IF(AND(K37>=DATE(2025,12,17),K37<=DATE(2025,12,30)),"Sprint 5",IF(AND(K37>=DATE(2025,12,31),K37<=DATE(2026,1,20)),"Sprint 6","N/A")))))))) -> Sprint 4 | N37: =IF(K37="", "", (K37 - I37 +1)) -> 15 | O37: =IF(K37="","", IF(J37="", "N/A", IF(K37 > J37, "Late", IF(K37 < J37, "Early", IF(K37 = J37, "On time", ""))))) -> On time
A38: After | B38: Uncommitted | C38: Dev 4 | D38: Task | E38: P1 (Critical) | F38: EXP-2010 | G38: Add timeout configuration to external API calls | H38: WIP | I38: 45985 | J38: 46008 | L38: =IF(K38="","",IF(AND(K38>=DATE(2025,10,21),K38<=DATE(2025,10,21)),"PI-3 Sprint 6",IF(AND(K38>=DATE(2025,10,22),K38<=DATE(2025,11,4)),"Sprint 1",IF(AND(K38>=DATE(2025,11,5),K38<=DATE(2025,11,18)),"Sprint 2",IF(AND(K38>=DATE(2025,11,19),K38<=DATE(2025,12,2)),"Sprint 3",IF(AND(K38>=DATE(2025,12,3),K38<=DATE(2025,12,16)),"Sprint 4",IF(AND(K38>=DATE(2025,12,17),K38<=DATE(2025,12,30)),"Sprint 5",IF(AND(K38>=DATE(2025,12,31),K38<=DATE(2026,1,20)),"Sprint 6","N/A")))))))) | N38: =IF(K38="", "", (K38 - I38 +1)) | O38: =IF(K38="","", IF(J38="", "N/A", IF(K38 > J38, "Late", IF(K38 < J38, "Early", IF(K38 = J38, "On time", "")))))
A39: After | B39: Uncommitted | C39: Dev 2 | D39: Support Task | E39: P3 (Med) | F39: EXP-2036 | G39: Fix misconfigured load balancer rule | H39: New | L39: =IF(K39="","",IF(AND(K39>=DATE(2025,10,21),K39<=DATE(2025,10,21)),"PI-3 Sprint 6",IF(AND(K39>=DATE(2025,10,22),K39<=DATE(2025,11,4)),"Sprint 1",IF(AND(K39>=DATE(2025,11,5),K39<=DATE(2025,11,18)),"Sprint 2",IF(AND(K39>=DATE(2025,11,19),K39<=DATE(2025,12,2)),"Sprint 3",IF(AND(K39>=DATE(2025,12,3),K39<=DATE(2025,12,16)),"Sprint 4",IF(AND(K39>=DATE(2025,12,17),K39<=DATE(2025,12,30)),"Sprint 5",IF(AND(K39>=DATE(2025,12,31),K39<=DATE(2026,1,20)),"Sprint 6","N/A")))))))) | N39: =IF(K39="", "", (K39 - I39 +1)) | O39: =IF(K39="","", IF(J39="", "N/A", IF(K39 > J39, "Late", IF(K39 < J39, "Early", IF(K39 = J39, "On time", "")))))
A40: After | B40: Uncommitted | C40: Dev 4 | D40: Task | E40: P4 (Low) | F40: EXP-2064 | G40: Update incident postmortem template | H40: Closed | I40: 46003 | J40: 46007 | K40: 46007 | L40: =IF(K40="","",IF(AND(K40>=DATE(2025,10,21),K40<=DATE(2025,10,21)),"PI-3 Sprint 6",IF(AND(K40>=DATE(2025,10,22),K40<=DATE(2025,11,4)),"Sprint 1",IF(AND(K40>=DATE(2025,11,5),K40<=DATE(2025,11,18)),"Sprint 2",IF(AND(K40>=DATE(2025,11,19),K40<=DATE(2025,12,2)),"Sprint 3",IF(AND(K40>=DATE(2025,12,3),K40<=DATE(2025,12,16)),"Sprint 4",IF(AND(K40>=DATE(2025,12,17),K40<=DATE(2025,12,30)),"Sprint 5",IF(AND(K40>=DATE(2025,12,31),K40<=DATE(2026,1,20)),"Sprint 6","N/A")))))))) -> Sprint 4 | N40: =IF(K40="", "", (K40 - I40 +1)) -> 5 | O40: =IF(K40="","", IF(J40="", "N/A", IF(K40 > J40, "Late", IF(K40 < J40, "Early", IF(K40 = J40, "On time", ""))))) -> On time
A41: After | B41: Uncommitted | C41: Dev 3 | D41: Support Task | E41: P2 (High) | F41: EXP-2089 | G41: Investigate inconsistent cache behavior | H41: WIP | I41: 45987 | J41: 46010 | L41: =IF(K41="","",IF(AND(K41>=DATE(2025,10,21),K41<=DATE(2025,10,21)),"PI-3 Sprint 6",IF(AND(K41>=DATE(2025,10,22),K41<=DATE(2025,11,4)),"Sprint 1",IF(AND(K41>=DATE(2025,11,5),K41<=DATE(2025,11,18)),"Sprint 2",IF(AND(K41>=DATE(2025,11,19),K41<=DATE(2025,12,2)),"Sprint 3",IF(AND(K41>=DATE(2025,12,3),K41<=DATE(2025,12,16)),"Sprint 4",IF(AND(K41>=DATE(2025,12,17),K41<=DATE(2025,12,30)),"Sprint 5",IF(AND(K41>=DATE(2025,12,31),K41<=DATE(2026,1,20)),"Sprint 6","N/A")))))))) | N41: =IF(K41="", "", (K41 - I41 +1)) | O41: =IF(K41="","", IF(J41="", "N/A", IF(K41 > J41, "Late", IF(K41 < J41, "Early", IF(K41 = J41, "On time", "")))))
A42: After | B42: Uncommitted | C42: Dev 1 | D42: Support Task | E42: P3 (Med) | F42: EXP-2117 | G42: Fix access issue for new service account | H42: Closed | I42: 46002 | J42: 46010 | K42: 46010 | L42: =IF(K42="","",IF(AND(K42>=DATE(2025,10,21),K42<=DATE(2025,10,21)),"PI-3 Sprint 6",IF(AND(K42>=DATE(2025,10,22),K42<=DATE(2025,11,4)),"Sprint 1",IF(AND(K42>=DATE(2025,11,5),K42<=DATE(2025,11,18)),"Sprint 2",IF(AND(K42>=DATE(2025,11,19),K42<=DATE(2025,12,2)),"Sprint 3",IF(AND(K42>=DATE(2025,12,3),K42<=DATE(2025,12,16)),"Sprint 4",IF(AND(K42>=DATE(2025,12,17),K42<=DATE(2025,12,30)),"Sprint 5",IF(AND(K42>=DATE(2025,12,31),K42<=DATE(2026,1,20)),"Sprint 6","N/A")))))))) -> Sprint 5 | N42: =IF(K42="", "", (K42 - I42 +1)) -> 9 | O42: =IF(K42="","", IF(J42="", "N/A", IF(K42 > J42, "Late", IF(K42 < J42, "Early", IF(K42 = J42, "On time", ""))))) -> On time
A43: After | B43: Uncommitted | C43: Dev 5 | D43: Task | E43: P1 (Critical) | F43: EXP-2142 | G43: Add monitoring for CPU throttling | H43: New | L43: =IF(K43="","",IF(AND(K43>=DATE(2025,10,21),K43<=DATE(2025,10,21)),"PI-3 Sprint 6",IF(AND(K43>=DATE(2025,10,22),K43<=DATE(2025,11,4)),"Sprint 1",IF(AND(K43>=DATE(2025,11,5),K43<=DATE(2025,11,18)),"Sprint 2",IF(AND(K43>=DATE(2025,11,19),K43<=DATE(2025,12,2)),"Sprint 3",IF(AND(K43>=DATE(2025,12,3),K43<=DATE(2025,12,16)),"Sprint 4",IF(AND(K43>=DATE(2025,12,17),K43<=DATE(2025,12,30)),"Sprint 5",IF(AND(K43>=DATE(2025,12,31),K43<=DATE(2026,1,20)),"Sprint 6","N/A")))))))) | N43: =IF(K43="", "", (K43 - I43 +1)) | O43: =IF(K43="","", IF(J43="", "N/A", IF(K43 > J43, "Late", IF(K43 < J43, "Early", IF(K43 = J43, "On time", "")))))
A44: After | B44: Uncommitted | C44: Dev 1 | D44: Task | E44: P4 (Low) | F44: EXP-2168 | G44: Update dependency versions for security patch | H44: Closed | I44: 46011 | J44: 46014 | K44: 46014 | L44: =IF(K44="","",IF(AND(K44>=DATE(2025,10,21),K44<=DATE(2025,10,21)),"PI-3 Sprint 6",IF(AND(K44>=DATE(2025,10,22),K44<=DATE(2025,11,4)),"Sprint 1",IF(AND(K44>=DATE(2025,11,5),K44<=DATE(2025,11,18)),"Sprint 2",IF(AND(K44>=DATE(2025,11,19),K44<=DATE(2025,12,2)),"Sprint 3",IF(AND(K44>=DATE(2025,12,3),K44<=DATE(2025,12,16)),"Sprint 4",IF(AND(K44>=DATE(2025,12,17),K44<=DATE(2025,12,30)),"Sprint 5",IF(AND(K44>=DATE(2025,12,31),K44<=DATE(2026,1,20)),"Sprint 6","N/A")))))))) -> Sprint 5 | N44: =IF(K44="", "", (K44 - I44 +1)) -> 4 | O44: =IF(K44="","", IF(J44="", "N/A", IF(K44 > J44, "Late", IF(K44 < J44, "Early", IF(K44 = J44, "On time", ""))))) -> On time
A45: After | B45: Uncommitted | C45: Dev 3 | D45: Task | E45: P2 (High) | F45: EXP-2194 | G45: Fix failed canary deployment | H45: WIP | I45: 45990 | J45: 46015 | L45: =IF(K45="","",IF(AND(K45>=DATE(2025,10,21),K45<=DATE(2025,10,21)),"PI-3 Sprint 6",IF(AND(K45>=DATE(2025,10,22),K45<=DATE(2025,11,4)),"Sprint 1",IF(AND(K45>=DATE(2025,11,5),K45<=DATE(2025,11,18)),"Sprint 2",IF(AND(K45>=DATE(2025,11,19),K45<=DATE(2025,12,2)),"Sprint 3",IF(AND(K45>=DATE(2025,12,3),K45<=DATE(2025,12,16)),"Sprint 4",IF(AND(K45>=DATE(2025,12,17),K45<=DATE(2025,12,30)),"Sprint 5",IF(AND(K45>=DATE(2025,12,31),K45<=DATE(2026,1,20)),"Sprint 6","N/A")))))))) | N45: =IF(K45="", "", (K45 - I45 +1)) | O45: =IF(K45="","", IF(J45="", "N/A", IF(K45 > J45, "Late", IF(K45 < J45, "Early", IF(K45 = J45, "On time", "")))))
A46: After | B46: Uncommitted | C46: Dev 4 | D46: Task | E46: P3 (Med) | F46: EXP-2221 | G46: Document recovery steps for Redis outage | H46: New | L46: =IF(K46="","",IF(AND(K46>=DATE(2025,10,21),K46<=DATE(2025,10,21)),"PI-3 Sprint 6",IF(AND(K46>=DATE(2025,10,22),K46<=DATE(2025,11,4)),"Sprint 1",IF(AND(K46>=DATE(2025,11,5),K46<=DATE(2025,11,18)),"Sprint 2",IF(AND(K46>=DATE(2025,11,19),K46<=DATE(2025,12,2)),"Sprint 3",IF(AND(K46>=DATE(2025,12,3),K46<=DATE(2025,12,16)),"Sprint 4",IF(AND(K46>=DATE(2025,12,17),K46<=DATE(2025,12,30)),"Sprint 5",IF(AND(K46>=DATE(2025,12,31),K46<=DATE(2026,1,20)),"Sprint 6","N/A")))))))) | N46: =IF(K46="", "", (K46 - I46 +1)) | O46: =IF(K46="","", IF(J46="", "N/A", IF(K46 > J46, "Late", IF(K46 < J46, "Early", IF(K46 = J46, "On time", "")))))
A47: After | B47: Uncommitted | C47: Dev 5 | D47: Support Task | E47: P4 (Low) | F47: EXP-2249 | G47: Investigate alert noise from monitoring tool | H47: WIP | I47: 45992 | J47: 46017 | L47: =IF(K47="","",IF(AND(K47>=DATE(2025,10,21),K47<=DATE(2025,10,21)),"PI-3 Sprint 6",IF(AND(K47>=DATE(2025,10,22),K47<=DATE(2025,11,4)),"Sprint 1",IF(AND(K47>=DATE(2025,11,5),K47<=DATE(2025,11,18)),"Sprint 2",IF(AND(K47>=DATE(2025,11,19),K47<=DATE(2025,12,2)),"Sprint 3",IF(AND(K47>=DATE(2025,12,3),K47<=DATE(2025,12,16)),"Sprint 4",IF(AND(K47>=DATE(2025,12,17),K47<=DATE(2025,12,30)),"Sprint 5",IF(AND(K47>=DATE(2025,12,31),K47<=DATE(2026,1,20)),"Sprint 6","N/A")))))))) | N47: =IF(K47="", "", (K47 - I47 +1)) | O47: =IF(K47="","", IF(J47="", "N/A", IF(K47 > J47, "Late", IF(K47 < J47, "Early", IF(K47 = J47, "On time", "")))))
A48: After | B48: Uncommitted | C48: Dev 2 | D48: Support Task | E48: P1 (Critical) | F48: EXP-2273 | G48: Update tagging standards for cloud resources | H48: Closed | I48: 46011 | J48: 46021 | K48: 46014 | L48: =IF(K48="","",IF(AND(K48>=DATE(2025,10,21),K48<=DATE(2025,10,21)),"PI-3 Sprint 6",IF(AND(K48>=DATE(2025,10,22),K48<=DATE(2025,11,4)),"Sprint 1",IF(AND(K48>=DATE(2025,11,5),K48<=DATE(2025,11,18)),"Sprint 2",IF(AND(K48>=DATE(2025,11,19),K48<=DATE(2025,12,2)),"Sprint 3",IF(AND(K48>=DATE(2025,12,3),K48<=DATE(2025,12,16)),"Sprint 4",IF(AND(K48>=DATE(2025,12,17),K48<=DATE(2025,12,30)),"Sprint 5",IF(AND(K48>=DATE(2025,12,31),K48<=DATE(2026,1,20)),"Sprint 6","N/A")))))))) -> Sprint 5 | N48: =IF(K48="", "", (K48 - I48 +1)) -> 4 | O48: =IF(K48="","", IF(J48="", "N/A", IF(K48 > J48, "Late", IF(K48 < J48, "Early", IF(K48 = J48, "On time", ""))))) -> Early
A49: After | B49: Uncommitted | C49: Dev 4 | D49: Task | E49: P2 (High) | F49: EXP-2298 | G49: Fix missing environment variable in CI | H49: Closed | I49: 46006 | J49: 46017 | K49: 46017 | L49: =IF(K49="","",IF(AND(K49>=DATE(2025,10,21),K49<=DATE(2025,10,21)),"PI-3 Sprint 6",IF(AND(K49>=DATE(2025,10,22),K49<=DATE(2025,11,4)),"Sprint 1",IF(AND(K49>=DATE(2025,11,5),K49<=DATE(2025,11,18)),"Sprint 2",IF(AND(K49>=DATE(2025,11,19),K49<=DATE(2025,12,2)),"Sprint 3",IF(AND(K49>=DATE(2025,12,3),K49<=DATE(2025,12,16)),"Sprint 4",IF(AND(K49>=DATE(2025,12,17),K49<=DATE(2025,12,30)),"Sprint 5",IF(AND(K49>=DATE(2025,12,31),K49<=DATE(2026,1,20)),"Sprint 6","N/A")))))))) -> Sprint 5 | N49: =IF(K49="", "", (K49 - I49 +1)) -> 12 | O49: =IF(K49="","", IF(J49="", "N/A", IF(K49 > J49, "Late", IF(K49 < J49, "Early", IF(K49 = J49, "On time", ""))))) -> On time
A50: After | B50: Uncommitted | C50: Dev 2 | D50: Task | E50: P3 (Med) | F50: EXP-2315 | G50: Investigate failed deployment rollback | H50: Closed | I50: 46009 | J50: 46024 | K50: 46024 | L50: =IF(K50="","",IF(AND(K50>=DATE(2025,10,21),K50<=DATE(2025,10,21)),"PI-3 Sprint 6",IF(AND(K50>=DATE(2025,10,22),K50<=DATE(2025,11,4)),"Sprint 1",IF(AND(K50>=DATE(2025,11,5),K50<=DATE(2025,11,18)),"Sprint 2",IF(AND(K50>=DATE(2025,11,19),K50<=DATE(2025,12,2)),"Sprint 3",IF(AND(K50>=DATE(2025,12,3),K50<=DATE(2025,12,16)),"Sprint 4",IF(AND(K50>=DATE(2025,12,17),K50<=DATE(2025,12,30)),"Sprint 5",IF(AND(K50>=DATE(2025,12,31),K50<=DATE(2026,1,20)),"Sprint 6","N/A")))))))) -> Sprint 6 | N50: =IF(K50="", "", (K50 - I50 +1)) -> 16 | O50: =IF(K50="","", IF(J50="", "N/A", IF(K50 > J50, "Late", IF(K50 < J50, "Early", IF(K50 = J50, "On time", ""))))) -> On time
A51: After | B51: Uncommitted | C51: Dev 5 | D51: Task | E51: P4 (Low) | F51: EXP-2342 | G51: Update build cache configuration | H51: New | L51: =IF(K51="","",IF(AND(K51>=DATE(2025,10,21),K51<=DATE(2025,10,21)),"PI-3 Sprint 6",IF(AND(K51>=DATE(2025,10,22),K51<=DATE(2025,11,4)),"Sprint 1",IF(AND(K51>=DATE(2025,11,5),K51<=DATE(2025,11,18)),"Sprint 2",IF(AND(K51>=DATE(2025,11,19),K51<=DATE(2025,12,2)),"Sprint 3",IF(AND(K51>=DATE(2025,12,3),K51<=DATE(2025,12,16)),"Sprint 4",IF(AND(K51>=DATE(2025,12,17),K51<=DATE(2025,12,30)),"Sprint 5",IF(AND(K51>=DATE(2025,12,31),K51<=DATE(2026,1,20)),"Sprint 6","N/A")))))))) | N51: =IF(K51="", "", (K51 - I51 +1)) | O51: =IF(K51="","", IF(J51="", "N/A", IF(K51 > J51, "Late", IF(K51 < J51, "Early", IF(K51 = J51, "On time", "")))))
A52: After | B52: Uncommitted | C52: Dev 3 | D52: Task | E52: P2 (High) | F52: EXP-2368 | G52: Fix incorrect timeout setting in ingress | H52: Closed | I52: 45996 | J52: 46026 | K52: 46027 | L52: =IF(K52="","",IF(AND(K52>=DATE(2025,10,21),K52<=DATE(2025,10,21)),"PI-3 Sprint 6",IF(AND(K52>=DATE(2025,10,22),K52<=DATE(2025,11,4)),"Sprint 1",IF(AND(K52>=DATE(2025,11,5),K52<=DATE(2025,11,18)),"Sprint 2",IF(AND(K52>=DATE(2025,11,19),K52<=DATE(2025,12,2)),"Sprint 3",IF(AND(K52>=DATE(2025,12,3),K52<=DATE(2025,12,16)),"Sprint 4",IF(AND(K52>=DATE(2025,12,17),K52<=DATE(2025,12,30)),"Sprint 5",IF(AND(K52>=DATE(2025,12,31),K52<=DATE(2026,1,20)),"Sprint 6","N/A")))))))) -> Sprint 6 | N52: =IF(K52="", "", (K52 - I52 +1)) -> 32 | O52: =IF(K52="","", IF(J52="", "N/A", IF(K52 > J52, "Late", IF(K52 < J52, "Early", IF(K52 = J52, "On time", ""))))) -> Late
A53: After | B53: Uncommitted | C53: Dev 1 | D53: Task | E53: P1 (Critical) | F53: EXP-2391 | G53: Add alert for message queue backlog | H53: WIP | I53: 45992 | J53: 46017 | L53: =IF(K53="","",IF(AND(K53>=DATE(2025,10,21),K53<=DATE(2025,10,21)),"PI-3 Sprint 6",IF(AND(K53>=DATE(2025,10,22),K53<=DATE(2025,11,4)),"Sprint 1",IF(AND(K53>=DATE(2025,11,5),K53<=DATE(2025,11,18)),"Sprint 2",IF(AND(K53>=DATE(2025,11,19),K53<=DATE(2025,12,2)),"Sprint 3",IF(AND(K53>=DATE(2025,12,3),K53<=DATE(2025,12,16)),"Sprint 4",IF(AND(K53>=DATE(2025,12,17),K53<=DATE(2025,12,30)),"Sprint 5",IF(AND(K53>=DATE(2025,12,31),K53<=DATE(2026,1,20)),"Sprint 6","N/A")))))))) | N53: =IF(K53="", "", (K53 - I53 +1)) | O53: =IF(K53="","", IF(J53="", "N/A", IF(K53 > J53, "Late", IF(K53 < J53, "Early", IF(K53 = J53, "On time", "")))))
A54: After | B54: Uncommitted | C54: Dev 5 | D54: Task | E54: P3 (Med) | F54: EXP-2417 | G54: Update service documentation for new endpoint | H54: WIP | I54: 45999 | J54: 46028 | L54: =IF(K54="","",IF(AND(K54>=DATE(2025,10,21),K54<=DATE(2025,10,21)),"PI-3 Sprint 6",IF(AND(K54>=DATE(2025,10,22),K54<=DATE(2025,11,4)),"Sprint 1",IF(AND(K54>=DATE(2025,11,5),K54<=DATE(2025,11,18)),"Sprint 2",IF(AND(K54>=DATE(2025,11,19),K54<=DATE(2025,12,2)),"Sprint 3",IF(AND(K54>=DATE(2025,12,3),K54<=DATE(2025,12,16)),"Sprint 4",IF(AND(K54>=DATE(2025,12,17),K54<=DATE(2025,12,30)),"Sprint 5",IF(AND(K54>=DATE(2025,12,31),K54<=DATE(2026,1,20)),"Sprint 6","N/A")))))))) | N54: =IF(K54="", "", (K54 - I54 +1)) | O54: =IF(K54="","", IF(J54="", "N/A", IF(K54 > J54, "Late", IF(K54 < J54, "Early", IF(K54 = J54, "On time", "")))))
A55: After | B55: Uncommitted | C55: Dev 3 | D55: Task | E55: P4 (Low) | F55: EXP-2440 | G55: Fix flaky smoke test in staging | H55: New | L55: =IF(K55="","",IF(AND(K55>=DATE(2025,10,21),K55<=DATE(2025,10,21)),"PI-3 Sprint 6",IF(AND(K55>=DATE(2025,10,22),K55<=DATE(2025,11,4)),"Sprint 1",IF(AND(K55>=DATE(2025,11,5),K55<=DATE(2025,11,18)),"Sprint 2",IF(AND(K55>=DATE(2025,11,19),K55<=DATE(2025,12,2)),"Sprint 3",IF(AND(K55>=DATE(2025,12,3),K55<=DATE(2025,12,16)),"Sprint 4",IF(AND(K55>=DATE(2025,12,17),K55<=DATE(2025,12,30)),"Sprint 5",IF(AND(K55>=DATE(2025,12,31),K55<=DATE(2026,1,20)),"Sprint 6","N/A")))))))) | N55: =IF(K55="", "", (K55 - I55 +1)) | O55: =IF(K55="","", IF(J55="", "N/A", IF(K55 > J55, "Late", IF(K55 < J55, "Early", IF(K55 = J55, "On time", "")))))
A56: After | B56: Uncommitted | C56: Dev 1 | D56: Task | E56: P2 (High) | F56: EXP-2469 | G56: Investigate pod restart loop in prod | H56: Closed | I56: 46017 | J56: 46029 | K56: 46029 | L56: =IF(K56="","",IF(AND(K56>=DATE(2025,10,21),K56<=DATE(2025,10,21)),"PI-3 Sprint 6",IF(AND(K56>=DATE(2025,10,22),K56<=DATE(2025,11,4)),"Sprint 1",IF(AND(K56>=DATE(2025,11,5),K56<=DATE(2025,11,18)),"Sprint 2",IF(AND(K56>=DATE(2025,11,19),K56<=DATE(2025,12,2)),"Sprint 3",IF(AND(K56>=DATE(2025,12,3),K56<=DATE(2025,12,16)),"Sprint 4",IF(AND(K56>=DATE(2025,12,17),K56<=DATE(2025,12,30)),"Sprint 5",IF(AND(K56>=DATE(2025,12,31),K56<=DATE(2026,1,20)),"Sprint 6","N/A")))))))) -> Sprint 6 | N56: =IF(K56="", "", (K56 - I56 +1)) -> 13 | O56: =IF(K56="","", IF(J56="", "N/A", IF(K56 > J56, "Late", IF(K56 < J56, "Early", IF(K56 = J56, "On time", ""))))) -> On time
A57: After | B57: Uncommitted | C57: Dev 2 | D57: Task | E57: P3 (Med) | F57: EXP-2493 | G57: Clean up unused environment variables | H57: WIP | I57: 46001 | J57: 46030 | L57: =IF(K57="","",IF(AND(K57>=DATE(2025,10,21),K57<=DATE(2025,10,21)),"PI-3 Sprint 6",IF(AND(K57>=DATE(2025,10,22),K57<=DATE(2025,11,4)),"Sprint 1",IF(AND(K57>=DATE(2025,11,5),K57<=DATE(2025,11,18)),"Sprint 2",IF(AND(K57>=DATE(2025,11,19),K57<=DATE(2025,12,2)),"Sprint 3",IF(AND(K57>=DATE(2025,12,3),K57<=DATE(2025,12,16)),"Sprint 4",IF(AND(K57>=DATE(2025,12,17),K57<=DATE(2025,12,30)),"Sprint 5",IF(AND(K57>=DATE(2025,12,31),K57<=DATE(2026,1,20)),"Sprint 6","N/A")))))))) | N57: =IF(K57="", "", (K57 - I57 +1)) | O57: =IF(K57="","", IF(J57="", "N/A", IF(K57 > J57, "Late", IF(K57 < J57, "Early", IF(K57 = J57, "On time", "")))))
A58: After | B58: Uncommitted | C58: Dev 4 | D58: Support Task | E58: P1 (Critical) | F58: EXP-2521 | G58: Update rate limiting configuration | H58: New | L58: =IF(K58="","",IF(AND(K58>=DATE(2025,10,21),K58<=DATE(2025,10,21)),"PI-3 Sprint 6",IF(AND(K58>=DATE(2025,10,22),K58<=DATE(2025,11,4)),"Sprint 1",IF(AND(K58>=DATE(2025,11,5),K58<=DATE(2025,11,18)),"Sprint 2",IF(AND(K58>=DATE(2025,11,19),K58<=DATE(2025,12,2)),"Sprint 3",IF(AND(K58>=DATE(2025,12,3),K58<=DATE(2025,12,16)),"Sprint 4",IF(AND(K58>=DATE(2025,12,17),K58<=DATE(2025,12,30)),"Sprint 5",IF(AND(K58>=DATE(2025,12,31),K58<=DATE(2026,1,20)),"Sprint 6","N/A")))))))) | N58: =IF(K58="", "", (K58 - I58 +1)) | O58: =IF(K58="","", IF(J58="", "N/A", IF(K58 > J58, "Late", IF(K58 < J58, "Early", IF(K58 = J58, "On time", "")))))
A59: After | B59: Uncommitted | C59: Dev 2 | D59: Support Task | E59: P4 (Low) | F59: EXP-2548 | G59: Fix permissions issue with artifact registry | H59: WIP | I59: 46001 | J59: 46030 | L59: =IF(K59="","",IF(AND(K59>=DATE(2025,10,21),K59<=DATE(2025,10,21)),"PI-3 Sprint 6",IF(AND(K59>=DATE(2025,10,22),K59<=DATE(2025,11,4)),"Sprint 1",IF(AND(K59>=DATE(2025,11,5),K59<=DATE(2025,11,18)),"Sprint 2",IF(AND(K59>=DATE(2025,11,19),K59<=DATE(2025,12,2)),"Sprint 3",IF(AND(K59>=DATE(2025,12,3),K59<=DATE(2025,12,16)),"Sprint 4",IF(AND(K59>=DATE(2025,12,17),K59<=DATE(2025,12,30)),"Sprint 5",IF(AND(K59>=DATE(2025,12,31),K59<=DATE(2026,1,20)),"Sprint 6","N/A")))))))) | N59: =IF(K59="", "", (K59 - I59 +1)) | O59: =IF(K59="","", IF(J59="", "N/A", IF(K59 > J59, "Late", IF(K59 < J59, "Early", IF(K59 = J59, "On time", "")))))
A60: After | B60: Uncommitted | C60: Dev 1 | D60: Task | E60: P2 (High) | F60: EXP-2576 | G60: Investigate missing metrics in monitoring tool | H60: Closed | I60: 45973 | J60: 45980 | K60: 45980 | L60: =IF(K60="","",IF(AND(K60>=DATE(2025,10,21),K60<=DATE(2025,10,21)),"PI-3 Sprint 6",IF(AND(K60>=DATE(2025,10,22),K60<=DATE(2025,11,4)),"Sprint 1",IF(AND(K60>=DATE(2025,11,5),K60<=DATE(2025,11,18)),"Sprint 2",IF(AND(K60>=DATE(2025,11,19),K60<=DATE(2025,12,2)),"Sprint 3",IF(AND(K60>=DATE(2025,12,3),K60<=DATE(2025,12,16)),"Sprint 4",IF(AND(K60>=DATE(2025,12,17),K60<=DATE(2025,12,30)),"Sprint 5",IF(AND(K60>=DATE(2025,12,31),K60<=DATE(2026,1,20)),"Sprint 6","N/A")))))))) -> Sprint 3 | N60: =IF(K60="", "", (K60 - I60 +1)) -> 8 | O60: =IF(K60="","", IF(J60="", "N/A", IF(K60 > J60, "Late", IF(K60 < J60, "Early", IF(K60 = J60, "On time", ""))))) -> On time
A61: After | B61: Uncommitted | C61: Dev 5 | D61: Support Task | E61: P3 (Med) | F61: EXP-2602 | G61: Add logging for authentication failures | H61: Closed | I61: 45976 | J61: 45982 | K61: 45982 | L61: =IF(K61="","",IF(AND(K61>=DATE(2025,10,21),K61<=DATE(2025,10,21)),"PI-3 Sprint 6",IF(AND(K61>=DATE(2025,10,22),K61<=DATE(2025,11,4)),"Sprint 1",IF(AND(K61>=DATE(2025,11,5),K61<=DATE(2025,11,18)),"Sprint 2",IF(AND(K61>=DATE(2025,11,19),K61<=DATE(2025,12,2)),"Sprint 3",IF(AND(K61>=DATE(2025,12,3),K61<=DATE(2025,12,16)),"Sprint 4",IF(AND(K61>=DATE(2025,12,17),K61<=DATE(2025,12,30)),"Sprint 5",IF(AND(K61>=DATE(2025,12,31),K61<=DATE(2026,1,20)),"Sprint 6","N/A")))))))) -> Sprint 3 | N61: =IF(K61="", "", (K61 - I61 +1)) -> 7 | O61: =IF(K61="","", IF(J61="", "N/A", IF(K61 > J61, "Late", IF(K61 < J61, "Early", IF(K61 = J61, "On time", ""))))) -> On time
A62: After | B62: Uncommitted | C62: Dev 4 | D62: Task | E62: P4 (Low) | F62: EXP-2637 | G62: Update CI pipeline to support parallel jobs | H62: New | I62: 45968 | J62: 45988 | K62: 45982 | L62: =IF(K62="","",IF(AND(K62>=DATE(2025,10,21),K62<=DATE(2025,10,21)),"PI-3 Sprint 6",IF(AND(K62>=DATE(2025,10,22),K62<=DATE(2025,11,4)),"Sprint 1",IF(AND(K62>=DATE(2025,11,5),K62<=DATE(2025,11,18)),"Sprint 2",IF(AND(K62>=DATE(2025,11,19),K62<=DATE(2025,12,2)),"Sprint 3",IF(AND(K62>=DATE(2025,12,3),K62<=DATE(2025,12,16)),"Sprint 4",IF(AND(K62>=DATE(2025,12,17),K62<=DATE(2025,12,30)),"Sprint 5",IF(AND(K62>=DATE(2025,12,31),K62<=DATE(2026,1,20)),"Sprint 6","N/A")))))))) -> Sprint 3 | N62: =IF(K62="", "", (K62 - I62 +1)) -> 15 | O62: =IF(K62="","", IF(J62="", "N/A", IF(K62 > J62, "Late", IF(K62 < J62, "Early", IF(K62 = J62, "On time", ""))))) -> Early
A63: After | B63: Uncommitted | C63: Dev 3 | D63: Support Task | E63: P1 (Critical) | F63: EXP-2664 | G63: Fix broken cron schedule | H63: Closed | I63: 45973 | J63: 45982 | K63: 45983 | L63: =IF(K63="","",IF(AND(K63>=DATE(2025,10,21),K63<=DATE(2025,10,21)),"PI-3 Sprint 6",IF(AND(K63>=DATE(2025,10,22),K63<=DATE(2025,11,4)),"Sprint 1",IF(AND(K63>=DATE(2025,11,5),K63<=DATE(2025,11,18)),"Sprint 2",IF(AND(K63>=DATE(2025,11,19),K63<=DATE(2025,12,2)),"Sprint 3",IF(AND(K63>=DATE(2025,12,3),K63<=DATE(2025,12,16)),"Sprint 4",IF(AND(K63>=DATE(2025,12,17),K63<=DATE(2025,12,30)),"Sprint 5",IF(AND(K63>=DATE(2025,12,31),K63<=DATE(2026,1,20)),"Sprint 6","N/A")))))))) -> Sprint 3 | N63: =IF(K63="", "", (K63 - I63 +1)) -> 11 | O63: =IF(K63="","", IF(J63="", "N/A", IF(K63 > J63, "Late", IF(K63 < J63, "Early", IF(K63 = J63, "On time", ""))))) -> Late
A64: After | B64: Uncommitted | C64: Dev 4 | D64: Support Task | E64: P2 (High) | F64: EXP-2689 | G64: Investigate slow database queries | H64: Closed | I64: 45972 | J64: 45988 | K64: 45982 | L64: =IF(K64="","",IF(AND(K64>=DATE(2025,10,21),K64<=DATE(2025,10,21)),"PI-3 Sprint 6",IF(AND(K64>=DATE(2025,10,22),K64<=DATE(2025,11,4)),"Sprint 1",IF(AND(K64>=DATE(2025,11,5),K64<=DATE(2025,11,18)),"Sprint 2",IF(AND(K64>=DATE(2025,11,19),K64<=DATE(2025,12,2)),"Sprint 3",IF(AND(K64>=DATE(2025,12,3),K64<=DATE(2025,12,16)),"Sprint 4",IF(AND(K64>=DATE(2025,12,17),K64<=DATE(2025,12,30)),"Sprint 5",IF(AND(K64>=DATE(2025,12,31),K64<=DATE(2026,1,20)),"Sprint 6","N/A")))))))) -> Sprint 3 | N64: =IF(K64="", "", (K64 - I64 +1)) -> 11 | O64: =IF(K64="","", IF(J64="", "N/A", IF(K64 > J64, "Late", IF(K64 < J64, "Early", IF(K64 = J64, "On time", ""))))) -> Early
A65: After | B65: Uncommitted | C65: Dev 5 | D65: Task | E65: P3 (Med) | F65: EXP-2715 | G65: Update autoscaling policy for worker service | H65: Closed | I65: 45986 | J65: 45994 | K65: 45994 | L65: =IF(K65="","",IF(AND(K65>=DATE(2025,10,21),K65<=DATE(2025,10,21)),"PI-3 Sprint 6",IF(AND(K65>=DATE(2025,10,22),K65<=DATE(2025,11,4)),"Sprint 1",IF(AND(K65>=DATE(2025,11,5),K65<=DATE(2025,11,18)),"Sprint 2",IF(AND(K65>=DATE(2025,11,19),K65<=DATE(2025,12,2)),"Sprint 3",IF(AND(K65>=DATE(2025,12,3),K65<=DATE(2025,12,16)),"Sprint 4",IF(AND(K65>=DATE(2025,12,17),K65<=DATE(2025,12,30)),"Sprint 5",IF(AND(K65>=DATE(2025,12,31),K65<=DATE(2026,1,20)),"Sprint 6","N/A")))))))) -> Sprint 4 | N65: =IF(K65="", "", (K65 - I65 +1)) -> 9 | O65: =IF(K65="","", IF(J65="", "N/A", IF(K65 > J65, "Late", IF(K65 < J65, "Early", IF(K65 = J65, "On time", ""))))) -> On time
A66: After | B66: Uncommitted | C66: Dev 3 | D66: Task | E66: P4 (Low) | F66: EXP-2741 | G66: Fix failed secret injection in deployment | H66: New | L66: =IF(K66="","",IF(AND(K66>=DATE(2025,10,21),K66<=DATE(2025,10,21)),"PI-3 Sprint 6",IF(AND(K66>=DATE(2025,10,22),K66<=DATE(2025,11,4)),"Sprint 1",IF(AND(K66>=DATE(2025,11,5),K66<=DATE(2025,11,18)),"Sprint 2",IF(AND(K66>=DATE(2025,11,19),K66<=DATE(2025,12,2)),"Sprint 3",IF(AND(K66>=DATE(2025,12,3),K66<=DATE(2025,12,16)),"Sprint 4",IF(AND(K66>=DATE(2025,12,17),K66<=DATE(2025,12,30)),"Sprint 5",IF(AND(K66>=DATE(2025,12,31),K66<=DATE(2026,1,20)),"Sprint 6","N/A")))))))) | N66: =IF(K66="", "", (K66 - I66 +1)) | O66: =IF(K66="","", IF(J66="", "N/A", IF(K66 > J66, "Late", IF(K66 < J66, "Early", IF(K66 = J66, "On time", "")))))
A67: After | B67: Uncommitted | C67: Dev 5 | D67: Task | E67: P2 (High) | F67: EXP-2768 | G67: Document disaster recovery test results | H67: Closed | I67: 45968 | J67: 45988 | K67: 45982 | L67: =IF(K67="","",IF(AND(K67>=DATE(2025,10,21),K67<=DATE(2025,10,21)),"PI-3 Sprint 6",IF(AND(K67>=DATE(2025,10,22),K67<=DATE(2025,11,4)),"Sprint 1",IF(AND(K67>=DATE(2025,11,5),K67<=DATE(2025,11,18)),"Sprint 2",IF(AND(K67>=DATE(2025,11,19),K67<=DATE(2025,12,2)),"Sprint 3",IF(AND(K67>=DATE(2025,12,3),K67<=DATE(2025,12,16)),"Sprint 4",IF(AND(K67>=DATE(2025,12,17),K67<=DATE(2025,12,30)),"Sprint 5",IF(AND(K67>=DATE(2025,12,31),K67<=DATE(2026,1,20)),"Sprint 6","N/A")))))))) -> Sprint 3 | N67: =IF(K67="", "", (K67 - I67 +1)) -> 15 | O67: =IF(K67="","", IF(J67="", "N/A", IF(K67 > J67, "Late", IF(K67 < J67, "Early", IF(K67 = J67, "On time", ""))))) -> Early
A68: After | B68: Uncommitted | C68: Dev 1 | D68: Task | E68: P1 (Critical) | F68: EXP-2794 | G68: Investigate inconsistent feature flag behavior | H68: WIP | I68: 46009 | J68: 46038 | L68: =IF(K68="","",IF(AND(K68>=DATE(2025,10,21),K68<=DATE(2025,10,21)),"PI-3 Sprint 6",IF(AND(K68>=DATE(2025,10,22),K68<=DATE(2025,11,4)),"Sprint 1",IF(AND(K68>=DATE(2025,11,5),K68<=DATE(2025,11,18)),"Sprint 2",IF(AND(K68>=DATE(2025,11,19),K68<=DATE(2025,12,2)),"Sprint 3",IF(AND(K68>=DATE(2025,12,3),K68<=DATE(2025,12,16)),"Sprint 4",IF(AND(K68>=DATE(2025,12,17),K68<=DATE(2025,12,30)),"Sprint 5",IF(AND(K68>=DATE(2025,12,31),K68<=DATE(2026,1,20)),"Sprint 6","N/A")))))))) | N68: =IF(K68="", "", (K68 - I68 +1)) | O68: =IF(K68="","", IF(J68="", "N/A", IF(K68 > J68, "Late", IF(K68 < J68, "Early", IF(K68 = J68, "On time", "")))))
A69: After | B69: Uncommitted | C69: Dev 2 | D69: Support Task | E69: P3 (Med) | F69: EXP-2820 | G69: Add alert for error rate threshold | H69: New | L69: =IF(K69="","",IF(AND(K69>=DATE(2025,10,21),K69<=DATE(2025,10,21)),"PI-3 Sprint 6",IF(AND(K69>=DATE(2025,10,22),K69<=DATE(2025,11,4)),"Sprint 1",IF(AND(K69>=DATE(2025,11,5),K69<=DATE(2025,11,18)),"Sprint 2",IF(AND(K69>=DATE(2025,11,19),K69<=DATE(2025,12,2)),"Sprint 3",IF(AND(K69>=DATE(2025,12,3),K69<=DATE(2025,12,16)),"Sprint 4",IF(AND(K69>=DATE(2025,12,17),K69<=DATE(2025,12,30)),"Sprint 5",IF(AND(K69>=DATE(2025,12,31),K69<=DATE(2026,1,20)),"Sprint 6","N/A")))))))) | N69: =IF(K69="", "", (K69 - I69 +1)) | O69: =IF(K69="","", IF(J69="", "N/A", IF(K69 > J69, "Late", IF(K69 < J69, "Early", IF(K69 = J69, "On time", "")))))
A70: After | B70: Uncommitted | C70: Dev 4 | D70: Support Task | E70: P4 (Low) | F70: EXP-2846 | G70: Update deployment script for new repo structure | H70: WIP | I70: 46014 | J70: 46041 | L70: =IF(K70="","",IF(AND(K70>=DATE(2025,10,21),K70<=DATE(2025,10,21)),"PI-3 Sprint 6",IF(AND(K70>=DATE(2025,10,22),K70<=DATE(2025,11,4)),"Sprint 1",IF(AND(K70>=DATE(2025,11,5),K70<=DATE(2025,11,18)),"Sprint 2",IF(AND(K70>=DATE(2025,11,19),K70<=DATE(2025,12,2)),"Sprint 3",IF(AND(K70>=DATE(2025,12,3),K70<=DATE(2025,12,16)),"Sprint 4",IF(AND(K70>=DATE(2025,12,17),K70<=DATE(2025,12,30)),"Sprint 5",IF(AND(K70>=DATE(2025,12,31),K70<=DATE(2026,1,20)),"Sprint 6","N/A")))))))) | N70: =IF(K70="", "", (K70 - I70 +1)) | O70: =IF(K70="","", IF(J70="", "N/A", IF(K70 > J70, "Late", IF(K70 < J70, "Early", IF(K70 = J70, "On time", "")))))
A71: After | B71: Uncommitted | C71: Dev 2 | D71: Task | E71: P2 (High) | F71: EXP-2873 | G71: Fix service startup failure in staging | H71: Closed | I71: 46022 | J71: 46042 | K71: 46042 | L71: =IF(K71="","",IF(AND(K71>=DATE(2025,10,21),K71<=DATE(2025,10,21)),"PI-3 Sprint 6",IF(AND(K71>=DATE(2025,10,22),K71<=DATE(2025,11,4)),"Sprint 1",IF(AND(K71>=DATE(2025,11,5),K71<=DATE(2025,11,18)),"Sprint 2",IF(AND(K71>=DATE(2025,11,19),K71<=DATE(2025,12,2)),"Sprint 3",IF(AND(K71>=DATE(2025,12,3),K71<=DATE(2025,12,16)),"Sprint 4",IF(AND(K71>=DATE(2025,12,17),K71<=DATE(2025,12,30)),"Sprint 5",IF(AND(K71>=DATE(2025,12,31),K71<=DATE(2026,1,20)),"Sprint 6","N/A")))))))) -> Sprint 6 | N71: =IF(K71="", "", (K71 - I71 +1)) -> 21 | O71: =IF(K71="","", IF(J71="", "N/A", IF(K71 > J71, "Late", IF(K71 < J71, "Early", IF(K71 = J71, "On time", ""))))) -> On time
A72: After | B72: Uncommitted | C72: Dev 4 | D72: Task | E72: P3 (Med) | F72: EXP-2899 | G72: Clean up unused Docker images | H72: WIP | I72: 45967 | J72: 45987 | L72: =IF(K72="","",IF(AND(K72>=DATE(2025,10,21),K72<=DATE(2025,10,21)),"PI-3 Sprint 6",IF(AND(K72>=DATE(2025,10,22),K72<=DATE(2025,11,4)),"Sprint 1",IF(AND(K72>=DATE(2025,11,5),K72<=DATE(2025,11,18)),"Sprint 2",IF(AND(K72>=DATE(2025,11,19),K72<=DATE(2025,12,2)),"Sprint 3",IF(AND(K72>=DATE(2025,12,3),K72<=DATE(2025,12,16)),"Sprint 4",IF(AND(K72>=DATE(2025,12,17),K72<=DATE(2025,12,30)),"Sprint 5",IF(AND(K72>=DATE(2025,12,31),K72<=DATE(2026,1,20)),"Sprint 6","N/A")))))))) | N72: =IF(K72="", "", (K72 - I72 +1)) | O72: =IF(K72="","", IF(J72="", "N/A", IF(K72 > J72, "Late", IF(K72 < J72, "Early", IF(K72 = J72, "On time", "")))))
A73: After | B73: Uncommitted | C73: Dev 3 | D73: Task | E73: P1 (Critical) | F73: EXP-2924 | G73: Investigate network latency between services | H73: New | L73: =IF(K73="","",IF(AND(K73>=DATE(2025,10,21),K73<=DATE(2025,10,21)),"PI-3 Sprint 6",IF(AND(K73>=DATE(2025,10,22),K73<=DATE(2025,11,4)),"Sprint 1",IF(AND(K73>=DATE(2025,11,5),K73<=DATE(2025,11,18)),"Sprint 2",IF(AND(K73>=DATE(2025,11,19),K73<=DATE(2025,12,2)),"Sprint 3",IF(AND(K73>=DATE(2025,12,3),K73<=DATE(2025,12,16)),"Sprint 4",IF(AND(K73>=DATE(2025,12,17),K73<=DATE(2025,12,30)),"Sprint 5",IF(AND(K73>=DATE(2025,12,31),K73<=DATE(2026,1,20)),"Sprint 6","N/A")))))))) | N73: =IF(K73="", "", (K73 - I73 +1)) | O73: =IF(K73="","", IF(J73="", "N/A", IF(K73 > J73, "Late", IF(K73 < J73, "Early", IF(K73 = J73, "On time", "")))))
A74: After | B74: Uncommitted | C74: Dev 1 | D74: Support Task | E74: P4 (Low) | F74: EXP-2951 | G74: Update Helm dependency versions | H74: Closed | I74: 45986 | J74: 45995 | K74: 45995 | L74: =IF(K74="","",IF(AND(K74>=DATE(2025,10,21),K74<=DATE(2025,10,21)),"PI-3 Sprint 6",IF(AND(K74>=DATE(2025,10,22),K74<=DATE(2025,11,4)),"Sprint 1",IF(AND(K74>=DATE(2025,11,5),K74<=DATE(2025,11,18)),"Sprint 2",IF(AND(K74>=DATE(2025,11,19),K74<=DATE(2025,12,2)),"Sprint 3",IF(AND(K74>=DATE(2025,12,3),K74<=DATE(2025,12,16)),"Sprint 4",IF(AND(K74>=DATE(2025,12,17),K74<=DATE(2025,12,30)),"Sprint 5",IF(AND(K74>=DATE(2025,12,31),K74<=DATE(2026,1,20)),"Sprint 6","N/A")))))))) -> Sprint 4 | N74: =IF(K74="", "", (K74 - I74 +1)) -> 10 | O74: =IF(K74="","", IF(J74="", "N/A", IF(K74 > J74, "Late", IF(K74 < J74, "Early", IF(K74 = J74, "On time", ""))))) -> On time
A75: After | B75: Uncommitted | C75: Dev 5 | D75: Task | E75: P2 (High) | F75: EXP-2978 | G75: Fix incorrect health check path | H75: WIP | I75: 45973 | J75: 45995 | L75: =IF(K75="","",IF(AND(K75>=DATE(2025,10,21),K75<=DATE(2025,10,21)),"PI-3 Sprint 6",IF(AND(K75>=DATE(2025,10,22),K75<=DATE(2025,11,4)),"Sprint 1",IF(AND(K75>=DATE(2025,11,5),K75<=DATE(2025,11,18)),"Sprint 2",IF(AND(K75>=DATE(2025,11,19),K75<=DATE(2025,12,2)),"Sprint 3",IF(AND(K75>=DATE(2025,12,3),K75<=DATE(2025,12,16)),"Sprint 4",IF(AND(K75>=DATE(2025,12,17),K75<=DATE(2025,12,30)),"Sprint 5",IF(AND(K75>=DATE(2025,12,31),K75<=DATE(2026,1,20)),"Sprint 6","N/A")))))))) | N75: =IF(K75="", "", (K75 - I75 +1)) | O75: =IF(K75="","", IF(J75="", "N/A", IF(K75 > J75, "Late", IF(K75 < J75, "Early", IF(K75 = J75, "On time", "")))))
A76: After | B76: Uncommitted | C76: Dev 1 | D76: Task | E76: P3 (Med) | F76: EXP-3004 | G76: Add monitoring for memory saturation | H76: WIP | I76: 45978 | J76: 46001 | L76: =IF(K76="","",IF(AND(K76>=DATE(2025,10,21),K76<=DATE(2025,10,21)),"PI-3 Sprint 6",IF(AND(K76>=DATE(2025,10,22),K76<=DATE(2025,11,4)),"Sprint 1",IF(AND(K76>=DATE(2025,11,5),K76<=DATE(2025,11,18)),"Sprint 2",IF(AND(K76>=DATE(2025,11,19),K76<=DATE(2025,12,2)),"Sprint 3",IF(AND(K76>=DATE(2025,12,3),K76<=DATE(2025,12,16)),"Sprint 4",IF(AND(K76>=DATE(2025,12,17),K76<=DATE(2025,12,30)),"Sprint 5",IF(AND(K76>=DATE(2025,12,31),K76<=DATE(2026,1,20)),"Sprint 6","N/A")))))))) | N76: =IF(K76="", "", (K76 - I76 +1)) | O76: =IF(K76="","", IF(J76="", "N/A", IF(K76 > J76, "Late", IF(K76 < J76, "Early", IF(K76 = J76, "On time", "")))))
A77: After | B77: Uncommitted | C77: Dev 3 | D77: Task | E77: P4 (Low) | F77: EXP-3030 | G77: Update runbook for incident response | H77: New | L77: =IF(K77="","",IF(AND(K77>=DATE(2025,10,21),K77<=DATE(2025,10,21)),"PI-3 Sprint 6",IF(AND(K77>=DATE(2025,10,22),K77<=DATE(2025,11,4)),"Sprint 1",IF(AND(K77>=DATE(2025,11,5),K77<=DATE(2025,11,18)),"Sprint 2",IF(AND(K77>=DATE(2025,11,19),K77<=DATE(2025,12,2)),"Sprint 3",IF(AND(K77>=DATE(2025,12,3),K77<=DATE(2025,12,16)),"Sprint 4",IF(AND(K77>=DATE(2025,12,17),K77<=DATE(2025,12,30)),"Sprint 5",IF(AND(K77>=DATE(2025,12,31),K77<=DATE(2026,1,20)),"Sprint 6","N/A")))))))) | N77: =IF(K77="", "", (K77 - I77 +1)) | O77: =IF(K77="","", IF(J77="", "N/A", IF(K77 > J77, "Late", IF(K77 < J77, "Early", IF(K77 = J77, "On time", "")))))
A78: After | B78: Uncommitted | C78: Dev 4 | D78: Task | E78: P1 (Critical) | F78: EXP-3057 | G78: Investigate authentication token expiration issue | H78: Closed | I78: 45993 | J78: 46003 | K78: 46003 | L78: =IF(K78="","",IF(AND(K78>=DATE(2025,10,21),K78<=DATE(2025,10,21)),"PI-3 Sprint 6",IF(AND(K78>=DATE(2025,10,22),K78<=DATE(2025,11,4)),"Sprint 1",IF(AND(K78>=DATE(2025,11,5),K78<=DATE(2025,11,18)),"Sprint 2",IF(AND(K78>=DATE(2025,11,19),K78<=DATE(2025,12,2)),"Sprint 3",IF(AND(K78>=DATE(2025,12,3),K78<=DATE(2025,12,16)),"Sprint 4",IF(AND(K78>=DATE(2025,12,17),K78<=DATE(2025,12,30)),"Sprint 5",IF(AND(K78>=DATE(2025,12,31),K78<=DATE(2026,1,20)),"Sprint 6","N/A")))))))) -> Sprint 4 | N78: =IF(K78="", "", (K78 - I78 +1)) -> 11 | O78: =IF(K78="","", IF(J78="", "N/A", IF(K78 > J78, "Late", IF(K78 < J78, "Early", IF(K78 = J78, "On time", ""))))) -> On time
A79: After | B79: Uncommitted | C79: Dev 5 | D79: Task | E79: P2 (High) | F79: EXP-3083 | G79: Fix broken alert notification channel | H79: Closed | I79: 45978 | J79: 46001 | K79: 46010 | L79: =IF(K79="","",IF(AND(K79>=DATE(2025,10,21),K79<=DATE(2025,10,21)),"PI-3 Sprint 6",IF(AND(K79>=DATE(2025,10,22),K79<=DATE(2025,11,4)),"Sprint 1",IF(AND(K79>=DATE(2025,11,5),K79<=DATE(2025,11,18)),"Sprint 2",IF(AND(K79>=DATE(2025,11,19),K79<=DATE(2025,12,2)),"Sprint 3",IF(AND(K79>=DATE(2025,12,3),K79<=DATE(2025,12,16)),"Sprint 4",IF(AND(K79>=DATE(2025,12,17),K79<=DATE(2025,12,30)),"Sprint 5",IF(AND(K79>=DATE(2025,12,31),K79<=DATE(2026,1,20)),"Sprint 6","N/A")))))))) -> Sprint 5 | N79: =IF(K79="", "", (K79 - I79 +1)) -> 33 | O79: =IF(K79="","", IF(J79="", "N/A", IF(K79 > J79, "Late", IF(K79 < J79, "Early", IF(K79 = J79, "On time", ""))))) -> Late
A80: After | B80: Uncommitted | C80: Dev 2 | D80: Support Task | E80: P3 (Med) | F80: EXP-3110 | G80: Update infrastructure diagram | H80: New | L80: =IF(K80="","",IF(AND(K80>=DATE(2025,10,21),K80<=DATE(2025,10,21)),"PI-3 Sprint 6",IF(AND(K80>=DATE(2025,10,22),K80<=DATE(2025,11,4)),"Sprint 1",IF(AND(K80>=DATE(2025,11,5),K80<=DATE(2025,11,18)),"Sprint 2",IF(AND(K80>=DATE(2025,11,19),K80<=DATE(2025,12,2)),"Sprint 3",IF(AND(K80>=DATE(2025,12,3),K80<=DATE(2025,12,16)),"Sprint 4",IF(AND(K80>=DATE(2025,12,17),K80<=DATE(2025,12,30)),"Sprint 5",IF(AND(K80>=DATE(2025,12,31),K80<=DATE(2026,1,20)),"Sprint 6","N/A")))))))) | N80: =IF(K80="", "", (K80 - I80 +1)) | O80: =IF(K80="","", IF(J80="", "N/A", IF(K80 > J80, "Late", IF(K80 < J80, "Early", IF(K80 = J80, "On time", "")))))
A81: After | B81: Uncommitted | C81: Dev 4 | D81: Support Task | E81: P4 (Low) | F81: EXP-3136 | G81: Investigate delayed log ingestion | H81: WIP | I81: 45978 | J81: 46001 | L81: =IF(K81="","",IF(AND(K81>=DATE(2025,10,21),K81<=DATE(2025,10,21)),"PI-3 Sprint 6",IF(AND(K81>=DATE(2025,10,22),K81<=DATE(2025,11,4)),"Sprint 1",IF(AND(K81>=DATE(2025,11,5),K81<=DATE(2025,11,18)),"Sprint 2",IF(AND(K81>=DATE(2025,11,19),K81<=DATE(2025,12,2)),"Sprint 3",IF(AND(K81>=DATE(2025,12,3),K81<=DATE(2025,12,16)),"Sprint 4",IF(AND(K81>=DATE(2025,12,17),K81<=DATE(2025,12,30)),"Sprint 5",IF(AND(K81>=DATE(2025,12,31),K81<=DATE(2026,1,20)),"Sprint 6","N/A")))))))) | N81: =IF(K81="", "", (K81 - I81 +1)) | O81: =IF(K81="","", IF(J81="", "N/A", IF(K81 > J81, "Late", IF(K81 < J81, "Early", IF(K81 = J81, "On time", "")))))
A82: After | B82: Uncommitted | C82: Dev 2 | D82: Task | E82: P2 (High) | F82: EXP-3162 | G82: Add retry logic to batch processing job | H82: Closed | I82: 46001 | J82: 46003 | K82: 46003 | L82: =IF(K82="","",IF(AND(K82>=DATE(2025,10,21),K82<=DATE(2025,10,21)),"PI-3 Sprint 6",IF(AND(K82>=DATE(2025,10,22),K82<=DATE(2025,11,4)),"Sprint 1",IF(AND(K82>=DATE(2025,11,5),K82<=DATE(2025,11,18)),"Sprint 2",IF(AND(K82>=DATE(2025,11,19),K82<=DATE(2025,12,2)),"Sprint 3",IF(AND(K82>=DATE(2025,12,3),K82<=DATE(2025,12,16)),"Sprint 4",IF(AND(K82>=DATE(2025,12,17),K82<=DATE(2025,12,30)),"Sprint 5",IF(AND(K82>=DATE(2025,12,31),K82<=DATE(2026,1,20)),"Sprint 6","N/A")))))))) -> Sprint 4 | N82: =IF(K82="", "", (K82 - I82 +1)) -> 3 | O82: =IF(K82="","", IF(J82="", "N/A", IF(K82 > J82, "Late", IF(K82 < J82, "Early", IF(K82 = J82, "On time", ""))))) -> On time
A83: After | B83: Uncommitted | C83: Dev 5 | D83: Support Task | E83: P1 (Critical) | F83: EXP-3189 | G83: Fix misconfigured firewall rule | H83: Closed | I83: 45987 | J83: 46010 | K83: 46010 | L83: =IF(K83="","",IF(AND(K83>=DATE(2025,10,21),K83<=DATE(2025,10,21)),"PI-3 Sprint 6",IF(AND(K83>=DATE(2025,10,22),K83<=DATE(2025,11,4)),"Sprint 1",IF(AND(K83>=DATE(2025,11,5),K83<=DATE(2025,11,18)),"Sprint 2",IF(AND(K83>=DATE(2025,11,19),K83<=DATE(2025,12,2)),"Sprint 3",IF(AND(K83>=DATE(2025,12,3),K83<=DATE(2025,12,16)),"Sprint 4",IF(AND(K83>=DATE(2025,12,17),K83<=DATE(2025,12,30)),"Sprint 5",IF(AND(K83>=DATE(2025,12,31),K83<=DATE(2026,1,20)),"Sprint 6","N/A")))))))) -> Sprint 5 | N83: =IF(K83="", "", (K83 - I83 +1)) -> 24 | O83: =IF(K83="","", IF(J83="", "N/A", IF(K83 > J83, "Late", IF(K83 < J83, "Early", IF(K83 = J83, "On time", ""))))) -> On time
A84: After | B84: Uncommitted | C84: Dev 3 | D84: Task | E84: P3 (Med) | F84: EXP-3214 | G84: Update dependency versions for vulnerability fix | H84: Cancelled | L84: =IF(K84="","",IF(AND(K84>=DATE(2025,10,21),K84<=DATE(2025,10,21)),"PI-3 Sprint 6",IF(AND(K84>=DATE(2025,10,22),K84<=DATE(2025,11,4)),"Sprint 1",IF(AND(K84>=DATE(2025,11,5),K84<=DATE(2025,11,18)),"Sprint 2",IF(AND(K84>=DATE(2025,11,19),K84<=DATE(2025,12,2)),"Sprint 3",IF(AND(K84>=DATE(2025,12,3),K84<=DATE(2025,12,16)),"Sprint 4",IF(AND(K84>=DATE(2025,12,17),K84<=DATE(2025,12,30)),"Sprint 5",IF(AND(K84>=DATE(2025,12,31),K84<=DATE(2026,1,20)),"Sprint 6","N/A")))))))) | M84: no longer needed: duplicate | N84: =IF(K84="", "", (K84 - I84 +1)) | O84: =IF(K84="","", IF(J84="", "N/A", IF(K84 > J84, "Late", IF(K84 < J84, "Early", IF(K84 = J84, "On time", "")))))
A85: After | B85: Uncommitted | C85: Dev 1 | D85: Support Task | E85: P4 (Low) | F85: EXP-3240 | G85: Investigate service crash during peak traffic | H85: New | L85: =IF(K85="","",IF(AND(K85>=DATE(2025,10,21),K85<=DATE(2025,10,21)),"PI-3 Sprint 6",IF(AND(K85>=DATE(2025,10,22),K85<=DATE(2025,11,4)),"Sprint 1",IF(AND(K85>=DATE(2025,11,5),K85<=DATE(2025,11,18)),"Sprint 2",IF(AND(K85>=DATE(2025,11,19),K85<=DATE(2025,12,2)),"Sprint 3",IF(AND(K85>=DATE(2025,12,3),K85<=DATE(2025,12,16)),"Sprint 4",IF(AND(K85>=DATE(2025,12,17),K85<=DATE(2025,12,30)),"Sprint 5",IF(AND(K85>=DATE(2025,12,31),K85<=DATE(2026,1,20)),"Sprint 6","N/A")))))))) | N85: =IF(K85="", "", (K85 - I85 +1)) | O85: =IF(K85="","", IF(J85="", "N/A", IF(K85 > J85, "Late", IF(K85 < J85, "Early", IF(K85 = J85, "On time", "")))))
A86: After | B86: Uncommitted | C86: Dev 5 | D86: Support Task | E86: P2 (High) | F86: EXP-3267 | G86: Fix incorrect environment mapping in CI | H86: Closed | I86: 45991 | J86: 46003 | K86: 46003 | L86: =IF(K86="","",IF(AND(K86>=DATE(2025,10,21),K86<=DATE(2025,10,21)),"PI-3 Sprint 6",IF(AND(K86>=DATE(2025,10,22),K86<=DATE(2025,11,4)),"Sprint 1",IF(AND(K86>=DATE(2025,11,5),K86<=DATE(2025,11,18)),"Sprint 2",IF(AND(K86>=DATE(2025,11,19),K86<=DATE(2025,12,2)),"Sprint 3",IF(AND(K86>=DATE(2025,12,3),K86<=DATE(2025,12,16)),"Sprint 4",IF(AND(K86>=DATE(2025,12,17),K86<=DATE(2025,12,30)),"Sprint 5",IF(AND(K86>=DATE(2025,12,31),K86<=DATE(2026,1,20)),"Sprint 6","N/A")))))))) -> Sprint 4 | N86: =IF(K86="", "", (K86 - I86 +1)) -> 13 | O86: =IF(K86="","", IF(J86="", "N/A", IF(K86 > J86, "Late", IF(K86 < J86, "Early", IF(K86 = J86, "On time", ""))))) -> On time
A87: After | B87: Uncommitted | C87: Dev 3 | D87: Task | E87: P3 (Med) | F87: EXP-3293 | G87: Add dashboard for deployment frequency | H87: WIP | I87: 45999 | J87: 46028 | L87: =IF(K87="","",IF(AND(K87>=DATE(2025,10,21),K87<=DATE(2025,10,21)),"PI-3 Sprint 6",IF(AND(K87>=DATE(2025,10,22),K87<=DATE(2025,11,4)),"Sprint 1",IF(AND(K87>=DATE(2025,11,5),K87<=DATE(2025,11,18)),"Sprint 2",IF(AND(K87>=DATE(2025,11,19),K87<=DATE(2025,12,2)),"Sprint 3",IF(AND(K87>=DATE(2025,12,3),K87<=DATE(2025,12,16)),"Sprint 4",IF(AND(K87>=DATE(2025,12,17),K87<=DATE(2025,12,30)),"Sprint 5",IF(AND(K87>=DATE(2025,12,31),K87<=DATE(2026,1,20)),"Sprint 6","N/A")))))))) | N87: =IF(K87="", "", (K87 - I87 +1)) | O87: =IF(K87="","", IF(J87="", "N/A", IF(K87 > J87, "Late", IF(K87 < J87, "Early", IF(K87 = J87, "On time", "")))))
A88: After | B88: Uncommitted | C88: Dev 1 | D88: Task | E88: P1 (Critical) | F88: EXP-3321 | G88: Update on-call schedule documentation | H88: WIP | I88: 46001 | J88: 46030 | L88: =IF(K88="","",IF(AND(K88>=DATE(2025,10,21),K88<=DATE(2025,10,21)),"PI-3 Sprint 6",IF(AND(K88>=DATE(2025,10,22),K88<=DATE(2025,11,4)),"Sprint 1",IF(AND(K88>=DATE(2025,11,5),K88<=DATE(2025,11,18)),"Sprint 2",IF(AND(K88>=DATE(2025,11,19),K88<=DATE(2025,12,2)),"Sprint 3",IF(AND(K88>=DATE(2025,12,3),K88<=DATE(2025,12,16)),"Sprint 4",IF(AND(K88>=DATE(2025,12,17),K88<=DATE(2025,12,30)),"Sprint 5",IF(AND(K88>=DATE(2025,12,31),K88<=DATE(2026,1,20)),"Sprint 6","N/A")))))))) | N88: =IF(K88="", "", (K88 - I88 +1)) | O88: =IF(K88="","", IF(J88="", "N/A", IF(K88 > J88, "Late", IF(K88 < J88, "Early", IF(K88 = J88, "On time", "")))))
A89: After | B89: Uncommitted | C89: Dev 2 | D89: Task | E89: P4 (Low) | F89: EXP-3348 | G89: Investigate duplicate events in data pipeline | H89: New | L89: =IF(K89="","",IF(AND(K89>=DATE(2025,10,21),K89<=DATE(2025,10,21)),"PI-3 Sprint 6",IF(AND(K89>=DATE(2025,10,22),K89<=DATE(2025,11,4)),"Sprint 1",IF(AND(K89>=DATE(2025,11,5),K89<=DATE(2025,11,18)),"Sprint 2",IF(AND(K89>=DATE(2025,11,19),K89<=DATE(2025,12,2)),"Sprint 3",IF(AND(K89>=DATE(2025,12,3),K89<=DATE(2025,12,16)),"Sprint 4",IF(AND(K89>=DATE(2025,12,17),K89<=DATE(2025,12,30)),"Sprint 5",IF(AND(K89>=DATE(2025,12,31),K89<=DATE(2026,1,20)),"Sprint 6","N/A")))))))) | N89: =IF(K89="", "", (K89 - I89 +1)) | O89: =IF(K89="","", IF(J89="", "N/A", IF(K89 > J89, "Late", IF(K89 < J89, "Early", IF(K89 = J89, "On time", "")))))
A90: After | B90: Uncommitted | C90: Dev 4 | D90: Task | E90: P2 (High) | F90: EXP-3374 | G90: Fix broken deployment approval step | H90: Closed | I90: 45990 | J90: 46003 | K90: 46006 | L90: =IF(K90="","",IF(AND(K90>=DATE(2025,10,21),K90<=DATE(2025,10,21)),"PI-3 Sprint 6",IF(AND(K90>=DATE(2025,10,22),K90<=DATE(2025,11,4)),"Sprint 1",IF(AND(K90>=DATE(2025,11,5),K90<=DATE(2025,11,18)),"Sprint 2",IF(AND(K90>=DATE(2025,11,19),K90<=DATE(2025,12,2)),"Sprint 3",IF(AND(K90>=DATE(2025,12,3),K90<=DATE(2025,12,16)),"Sprint 4",IF(AND(K90>=DATE(2025,12,17),K90<=DATE(2025,12,30)),"Sprint 5",IF(AND(K90>=DATE(2025,12,31),K90<=DATE(2026,1,20)),"Sprint 6","N/A")))))))) -> Sprint 4 | N90: =IF(K90="", "", (K90 - I90 +1)) -> 17 | O90: =IF(K90="","", IF(J90="", "N/A", IF(K90 > J90, "Late", IF(K90 < J90, "Early", IF(K90 = J90, "On time", ""))))) -> Late
A91: After | B91: Uncommitted | C91: Dev 2 | D91: Support Task | E91: P3 (Med) | F91: EXP-3401 | G91: Update tagging for cost allocation | H91: Closed | I91: 46022 | J91: 46041 | K91: 46041 | L91: =IF(K91="","",IF(AND(K91>=DATE(2025,10,21),K91<=DATE(2025,10,21)),"PI-3 Sprint 6",IF(AND(K91>=DATE(2025,10,22),K91<=DATE(2025,11,4)),"Sprint 1",IF(AND(K91>=DATE(2025,11,5),K91<=DATE(2025,11,18)),"Sprint 2",IF(AND(K91>=DATE(2025,11,19),K91<=DATE(2025,12,2)),"Sprint 3",IF(AND(K91>=DATE(2025,12,3),K91<=DATE(2025,12,16)),"Sprint 4",IF(AND(K91>=DATE(2025,12,17),K91<=DATE(2025,12,30)),"Sprint 5",IF(AND(K91>=DATE(2025,12,31),K91<=DATE(2026,1,20)),"Sprint 6","N/A")))))))) -> Sprint 6 | N91: =IF(K91="", "", (K91 - I91 +1)) -> 20 | O91: =IF(K91="","", IF(J91="", "N/A", IF(K91 > J91, "Late", IF(K91 < J91, "Early", IF(K91 = J91, "On time", ""))))) -> On time
A92: After | B92: Uncommitted | C92: Dev 1 | D92: Support Task | E92: P4 (Low) | F92: EXP-3427 | G92: Investigate failed health checks after deploy | H92: On Hold | I92: 45967 | J92: 45987 | L92: =IF(K92="","",IF(AND(K92>=DATE(2025,10,21),K92<=DATE(2025,10,21)),"PI-3 Sprint 6",IF(AND(K92>=DATE(2025,10,22),K92<=DATE(2025,11,4)),"Sprint 1",IF(AND(K92>=DATE(2025,11,5),K92<=DATE(2025,11,18)),"Sprint 2",IF(AND(K92>=DATE(2025,11,19),K92<=DATE(2025,12,2)),"Sprint 3",IF(AND(K92>=DATE(2025,12,3),K92<=DATE(2025,12,16)),"Sprint 4",IF(AND(K92>=DATE(2025,12,17),K92<=DATE(2025,12,30)),"Sprint 5",IF(AND(K92>=DATE(2025,12,31),K92<=DATE(2026,1,20)),"Sprint 6","N/A")))))))) | M92: blocked: waiting on service team | N92: =IF(K92="", "", (K92 - I92 +1)) | O92: =IF(K92="","", IF(J92="", "N/A", IF(K92 > J92, "Late", IF(K92 < J92, "Early", IF(K92 = J92, "On time", "")))))
A93: After | B93: Uncommitted | C93: Dev 5 | D93: Task | E93: P1 (Critical) | F93: EXP-3452 | G93: Add alert for API latency spike | H93: New | L93: =IF(K93="","",IF(AND(K93>=DATE(2025,10,21),K93<=DATE(2025,10,21)),"PI-3 Sprint 6",IF(AND(K93>=DATE(2025,10,22),K93<=DATE(2025,11,4)),"Sprint 1",IF(AND(K93>=DATE(2025,11,5),K93<=DATE(2025,11,18)),"Sprint 2",IF(AND(K93>=DATE(2025,11,19),K93<=DATE(2025,12,2)),"Sprint 3",IF(AND(K93>=DATE(2025,12,3),K93<=DATE(2025,12,16)),"Sprint 4",IF(AND(K93>=DATE(2025,12,17),K93<=DATE(2025,12,30)),"Sprint 5",IF(AND(K93>=DATE(2025,12,31),K93<=DATE(2026,1,20)),"Sprint 6","N/A")))))))) | N93: =IF(K93="", "", (K93 - I93 +1)) | O93: =IF(K93="","", IF(J93="", "N/A", IF(K93 > J93, "Late", IF(K93 < J93, "Early", IF(K93 = J93, "On time", "")))))
A94: After | B94: Uncommitted | C94: Dev 4 | D94: Task | E94: P2 (High) | F94: EXP-3479 | G94: Fix incorrect container resource limits | H94: Closed | I94: 46021 | J94: 46036 | K94: 46036 | L94: =IF(K94="","",IF(AND(K94>=DATE(2025,10,21),K94<=DATE(2025,10,21)),"PI-3 Sprint 6",IF(AND(K94>=DATE(2025,10,22),K94<=DATE(2025,11,4)),"Sprint 1",IF(AND(K94>=DATE(2025,11,5),K94<=DATE(2025,11,18)),"Sprint 2",IF(AND(K94>=DATE(2025,11,19),K94<=DATE(2025,12,2)),"Sprint 3",IF(AND(K94>=DATE(2025,12,3),K94<=DATE(2025,12,16)),"Sprint 4",IF(AND(K94>=DATE(2025,12,17),K94<=DATE(2025,12,30)),"Sprint 5",IF(AND(K94>=DATE(2025,12,31),K94<=DATE(2026,1,20)),"Sprint 6","N/A")))))))) -> Sprint 6 | N94: =IF(K94="", "", (K94 - I94 +1)) -> 16 | O94: =IF(K94="","", IF(J94="", "N/A", IF(K94 > J94, "Late", IF(K94 < J94, "Early", IF(K94 = J94, "On time", ""))))) -> On time
A95: After | B95: Uncommitted | C95: Dev 3 | D95: Task | E95: P2 (High) | F95: EXP-3505 | G95: Update secrets manager access policy | H95: Closed | I95: 46027 | J95: 46039 | K95: 46039 | L95: =IF(K95="","",IF(AND(K95>=DATE(2025,10,21),K95<=DATE(2025,10,21)),"PI-3 Sprint 6",IF(AND(K95>=DATE(2025,10,22),K95<=DATE(2025,11,4)),"Sprint 1",IF(AND(K95>=DATE(2025,11,5),K95<=DATE(2025,11,18)),"Sprint 2",IF(AND(K95>=DATE(2025,11,19),K95<=DATE(2025,12,2)),"Sprint 3",IF(AND(K95>=DATE(2025,12,3),K95<=DATE(2025,12,16)),"Sprint 4",IF(AND(K95>=DATE(2025,12,17),K95<=DATE(2025,12,30)),"Sprint 5",IF(AND(K95>=DATE(2025,12,31),K95<=DATE(2026,1,20)),"Sprint 6","N/A")))))))) -> Sprint 6 | N95: =IF(K95="", "", (K95 - I95 +1)) -> 13 | O95: =IF(K95="","", IF(J95="", "N/A", IF(K95 > J95, "Late", IF(K95 < J95, "Early", IF(K95 = J95, "On time", ""))))) -> On time
A96: After | B96: Uncommitted | C96: Dev 4 | D96: Task | E96: P2 (High) | F96: EXP-3532 | G96: Investigate unexpected pod evictions | H96: Closed | I96: 46032 | J96: 46036 | K96: 46036 | L96: =IF(K96="","",IF(AND(K96>=DATE(2025,10,21),K96<=DATE(2025,10,21)),"PI-3 Sprint 6",IF(AND(K96>=DATE(2025,10,22),K96<=DATE(2025,11,4)),"Sprint 1",IF(AND(K96>=DATE(2025,11,5),K96<=DATE(2025,11,18)),"Sprint 2",IF(AND(K96>=DATE(2025,11,19),K96<=DATE(2025,12,2)),"Sprint 3",IF(AND(K96>=DATE(2025,12,3),K96<=DATE(2025,12,16)),"Sprint 4",IF(AND(K96>=DATE(2025,12,17),K96<=DATE(2025,12,30)),"Sprint 5",IF(AND(K96>=DATE(2025,12,31),K96<=DATE(2026,1,20)),"Sprint 6","N/A")))))))) -> Sprint 6 | N96: =IF(K96="", "", (K96 - I96 +1)) -> 5 | O96: =IF(K96="","", IF(J96="", "N/A", IF(K96 > J96, "Late", IF(K96 < J96, "Early", IF(K96 = J96, "On time", ""))))) -> On time
A97: After | B97: Uncommitted | C97: Dev 5 | D97: Task | E97: P3 (Med) | F97: EXP-3558 | G97: Fix build failure due to version mismatch | H97: WIP | I97: 45999 | J97: 46028 | L97: =IF(K97="","",IF(AND(K97>=DATE(2025,10,21),K97<=DATE(2025,10,21)),"PI-3 Sprint 6",IF(AND(K97>=DATE(2025,10,22),K97<=DATE(2025,11,4)),"Sprint 1",IF(AND(K97>=DATE(2025,11,5),K97<=DATE(2025,11,18)),"Sprint 2",IF(AND(K97>=DATE(2025,11,19),K97<=DATE(2025,12,2)),"Sprint 3",IF(AND(K97>=DATE(2025,12,3),K97<=DATE(2025,12,16)),"Sprint 4",IF(AND(K97>=DATE(2025,12,17),K97<=DATE(2025,12,30)),"Sprint 5",IF(AND(K97>=DATE(2025,12,31),K97<=DATE(2026,1,20)),"Sprint 6","N/A")))))))) | N97: =IF(K97="", "", (K97 - I97 +1)) | O97: =IF(K97="","", IF(J97="", "N/A", IF(K97 > J97, "Late", IF(K97 < J97, "Early", IF(K97 = J97, "On time", "")))))
A98: After | B98: Uncommitted | C98: Dev 1 | D98: Task | E98: P3 (Med) | F98: EXP-3584 | G98: Investigate failed readiness probe after deployment | H98: Closed | I98: 46033 | J98: 46036 | K98: 46036 | L98: =IF(K98="","",IF(AND(K98>=DATE(2025,10,21),K98<=DATE(2025,10,21)),"PI-3 Sprint 6",IF(AND(K98>=DATE(2025,10,22),K98<=DATE(2025,11,4)),"Sprint 1",IF(AND(K98>=DATE(2025,11,5),K98<=DATE(2025,11,18)),"Sprint 2",IF(AND(K98>=DATE(2025,11,19),K98<=DATE(2025,12,2)),"Sprint 3",IF(AND(K98>=DATE(2025,12,3),K98<=DATE(2025,12,16)),"Sprint 4",IF(AND(K98>=DATE(2025,12,17),K98<=DATE(2025,12,30)),"Sprint 5",IF(AND(K98>=DATE(2025,12,31),K98<=DATE(2026,1,20)),"Sprint 6","N/A")))))))) -> Sprint 6 | N98: =IF(K98="", "", (K98 - I98 +1)) -> 4 | O98: =IF(K98="","", IF(J98="", "N/A", IF(K98 > J98, "Late", IF(K98 < J98, "Early", IF(K98 = J98, "On time", ""))))) -> On time
A99: After | B99: Uncommitted | C99: Dev 2 | D99: Task | E99: P4 (Low) | F99: EXP-3611 | G99: Update CI pipeline to handle dependency caching | H99: Closed | I99: 46024 | J99: 46036 | K99: 46036 | L99: =IF(K99="","",IF(AND(K99>=DATE(2025,10,21),K99<=DATE(2025,10,21)),"PI-3 Sprint 6",IF(AND(K99>=DATE(2025,10,22),K99<=DATE(2025,11,4)),"Sprint 1",IF(AND(K99>=DATE(2025,11,5),K99<=DATE(2025,11,18)),"Sprint 2",IF(AND(K99>=DATE(2025,11,19),K99<=DATE(2025,12,2)),"Sprint 3",IF(AND(K99>=DATE(2025,12,3),K99<=DATE(2025,12,16)),"Sprint 4",IF(AND(K99>=DATE(2025,12,17),K99<=DATE(2025,12,30)),"Sprint 5",IF(AND(K99>=DATE(2025,12,31),K99<=DATE(2026,1,20)),"Sprint 6","N/A")))))))) -> Sprint 6 | N99: =IF(K99="", "", (K99 - I99 +1)) -> 13 | O99: =IF(K99="","", IF(J99="", "N/A", IF(K99 > J99, "Late", IF(K99 < J99, "Early", IF(K99 = J99, "On time", ""))))) -> On time
A100: After | B100: Committed | C100: Dev 3 | D100: Task | E100: P1 (Critical) | F100: EXP-1111 | G100: Hire Erika since she is the best Scrum Master turned Data Anaylst | H100: Closed | I100: 46036 | J100: 46036 | K100: 46036 | L100: =IF(K100="","",IF(AND(K100>=DATE(2025,10,21),K100<=DATE(2025,10,21)),"PI-3 Sprint 6",IF(AND(K100>=DATE(2025,10,22),K100<=DATE(2025,11,4)),"Sprint 1",IF(AND(K100>=DATE(2025,11,5),K100<=DATE(2025,11,18)),"Sprint 2",IF(AND(K100>=DATE(2025,11,19),K100<=DATE(2025,12,2)),"Sprint 3",IF(AND(K100>=DATE(2025,12,3),K100<=DATE(2025,12,16)),"Sprint 4",IF(AND(K100>=DATE(2025,12,17),K100<=DATE(2025,12,30)),"Sprint 5",IF(AND(K100>=DATE(2025,12,31),K100<=DATE(2026,1,20)),"Sprint 6","N/A")))))))) -> Sprint 6 | N100: =IF(K100="", "", (K100 - I100 +1)) -> 1 | O100: =IF(K100="","", IF(J100="", "N/A", IF(K100 > J100, "Late", IF(K100 < J100, "Early", IF(K100 = J100, "On time", ""))))) -> On time

Sheet Kanban_Metrics
A1: Entire Team Metrics | D1: Throughput (Tasks closed within time Period) | H1: By Team Member
A2: Average Cycle Time (Days) | B2: =AVERAGE(I3:I7) -> 12.60066 | D2: Sprint 1 (Oct. 22 - Nov. 4) | E2: =COUNTIFS(Raw_Ticket_Data!H$2:H$200, "Closed", Raw_Ticket_Data!L$2:L$200, "Sprint 1") -> 7 | H2: Developer | I2: Avg. Cycle Time (DAYS) | J2: Current WIP | K2: Closed PI Tickets
A3: Current WIP | B3: =COUNTIF(Raw_Ticket_Data!H2:H200, "WIP") -> 22 | D3: Sprint 2 (Nov. 5 - Nov. 18) | E3: =COUNTIFS(Raw_Ticket_Data!H$2:H$200, "Closed", Raw_Ticket_Data!L$2:L$200, "Sprint 2") -> 6 | H3: Dev 1 | I3: =AVERAGEIFS(Raw_Ticket_Data!N:N, Raw_Ticket_Data!C:C, "Dev 1") -> 9.7777778 | J3: =COUNTIFS(Raw_Ticket_Data!$C:$C, "Dev 1",Raw_Ticket_Data!$H:$H, "WIP") -> 5 | K3: =COUNTIFS(Raw_Ticket_Data!$C:$C, "Dev 1",Raw_Ticket_Data!$H:$H, "Closed") -> 9
A4: Current Closed | B4: =COUNTIF(Raw_Ticket_Data!H2:H200, "Closed") -> 50 | D4: Sprint 3 (Nov. 19 - Dec. 2) | E4: =COUNTIFS(Raw_Ticket_Data!H$2:H$200, "Closed", Raw_Ticket_Data!L$2:L$200, "Sprint 3") -> 9 | H4: Dev 2 | I4: =AVERAGEIFS(Raw_Ticket_Data!N:N, Raw_Ticket_Data!C:C, "Dev 2") -> 11.090909 | J4: =COUNTIFS(Raw_Ticket_Data!$C:$C, "Dev 2",Raw_Ticket_Data!$H:$H, "WIP") -> 3 | K4: =COUNTIFS(Raw_Ticket_Data!$C:$C, "Dev 2",Raw_Ticket_Data!$H:$H, "Closed") -> 11
A5: Current On Hold | B5: =COUNTIF(Raw_Ticket_Data!H2:H200, "On Hold") -> 2 | D5: Sprint 4 (Dec. 3 - Dec. 16) | E5: =COUNTIFS(Raw_Ticket_Data!H$2:H$200, "Closed", Raw_Ticket_Data!L$2:L$200, "Sprint 4") -> 11 | H5: Dev 3 | I5: =AVERAGEIFS(Raw_Ticket_Data!N:N, Raw_Ticket_Data!C:C, "Dev 3") -> 12.333333 | J5: =COUNTIFS(Raw_Ticket_Data!$C:$C, "Dev 3",Raw_Ticket_Data!$H:$H, "WIP") -> 5 | K5: =COUNTIFS(Raw_Ticket_Data!$C:$C, "Dev 3",Raw_Ticket_Data!$H:$H, "Closed") -> 6
A6: Current Open/New | B6: =COUNTIF(Raw_Ticket_Data!H2:H200, "New") -> 24 | D6: Sprint 5 (Dec. 17 - Dec. 30) | E6: =COUNTIFS(Raw_Ticket_Data!H$2:H$200, "Closed", Raw_Ticket_Data!L$2:L$200, "Sprint 5") -> 6 | H6: Dev 4 | I6: =AVERAGEIFS(Raw_Ticket_Data!N:N, Raw_Ticket_Data!C:C, "Dev 4") -> 13.416667 | J6: =COUNTIFS(Raw_Ticket_Data!$C:$C, "Dev 4",Raw_Ticket_Data!$H:$H, "WIP") -> 5 | K6: =COUNTIFS(Raw_Ticket_Data!$C:$C, "Dev 4",Raw_Ticket_Data!$H:$H, "Closed") -> 11
A7: Cancelled | B7: =COUNTIF(Raw_Ticket_Data!H2:H200, "Cancelled") -> 1 | D7: Sprint 6 (Dec. 31 - Jan 20) | E7: =COUNTIFS(Raw_Ticket_Data!H$2:H$200, "Closed", Raw_Ticket_Data!L$2:L$200, "Sprint 6") -> 11 | H7: Dev 5 | I7: =AVERAGEIFS(Raw_Ticket_Data!N:N, Raw_Ticket_Data!C:C, "Dev 5") -> 16.384615 | J7: =COUNTIFS(Raw_Ticket_Data!$C:$C, "Dev 5",Raw_Ticket_Data!$H:$H, "WIP") -> 4 | K7: =COUNTIFS(Raw_Ticket_Data!$C:$C, "Dev 5",Raw_Ticket_Data!$H:$H, "Closed") -> 13
A9: ETA Forecast Accuracy
A10: On time | B10: =COUNTIF(Raw_Ticket_Data!O$2:O$200, "On time") -> 39
A11: Early | B11: =COUNTIF(Raw_Ticket_Data!O$2:O$200, "EARLY") -> 6
A12: Late | B12: =COUNTIF(Raw_Ticket_Data!O$2:O$200, "LATE") -> 6
A13: No ETA Given | B13: =COUNTIF(Raw_Ticket_Data!O$2:O$200, "N/A") -> 0

Sheet Delivery_Dashboard
A1: Issue Details | B1: Priority | C1: Total | D1: Open | E1: WIP | F1: On Hold | G1: Closed
A2: Total Number of Tasks Planned in PI-4 | B2: P1 | C2: =SUM(D2:G2) -> 4 | D2: =COUNTIFS(Raw_Ticket_Data!$D:$D, "TASK", Raw_Ticket_Data!$A:$A, "BEFORE", Raw_Ticket_Data!$B:$B, "COMMITTED", Raw_Ticket_Data!$E:$E, "P1 (Critical)", Raw_Ticket_Data!$H:$H, "NEW") -> 2 | E2: =COUNTIFS(Raw_Ticket_Data!$D:$D, "TASK", Raw_Ticket_Data!$A:$A, "BEFORE", Raw_Ticket_Data!$B:$B, "COMMITTED", Raw_Ticket_Data!$E:$E, "P1 (Critical)", Raw_Ticket_Data!$H:$H, "WIP") -> 0 | F2: =COUNTIFS(Raw_Ticket_Data!$D:$D, "TASK", Raw_Ticket_Data!$A:$A, "BEFORE", Raw_Ticket_Data!$B:$B, "COMMITTED", Raw_Ticket_Data!$E:$E, "P1 (Critical)", Raw_Ticket_Data!$H:$H, "On Hold") -> 0 | G2: =COUNTIFS(Raw_Ticket_Data!$D:$D, "TASK", Raw_Ticket_Data!$A:$A, "BEFORE", Raw_Ticket_Data!$B:$B, "COMMITTED", Raw_Ticket_Data!$E:$E, "P1 (Critical)", Raw_Ticket_Data!$H:$H, "Closed") -> 2
B3: P2 | C3: =SUM(D3:G3) -> 4 | D3: =COUNTIFS(Raw_Ticket_Data!$D:$D, "TASK", Raw_Ticket_Data!$A:$A, "BEFORE", Raw_Ticket_Data!$B:$B, "COMMITTED", Raw_Ticket_Data!$E:$E, "P2 (High)", Raw_Ticket_Data!$H:$H, "NEW") -> 0 | E3: =COUNTIFS(Raw_Ticket_Data!$D:$D, "TASK", Raw_Ticket_Data!$A:$A, "BEFORE", Raw_Ticket_Data!$B:$B, "COMMITTED", Raw_Ticket_Data!$E:$E, "P2 (High)", Raw_Ticket_Data!$H:$H, "WIP") -> 0 | F3: =COUNTIFS(Raw_Ticket_Data!$D:$D, "TASK", Raw_Ticket_Data!$A:$A, "BEFORE", Raw_Ticket_Data!$B:$B, "COMMITTED", Raw_Ticket_Data!$E:$E, "P2 (High)", Raw_Ticket_Data!$H:$H, "On Hold") -> 1 | G3: =COUNTIFS(Raw_Ticket_Data!$D:$D, "TASK", Raw_Ticket_Data!$A:$A, "BEFORE", Raw_Ticket_Data!$B:$B, "COMMITTED", Raw_Ticket_Data!$E:$E, "P2 (High)", Raw_Ticket_Data!$H:$H, "Closed") -> 3
B4: P3 | C4: =SUM(D4:G4) -> 6 | D4: =COUNTIFS(Raw_Ticket_Data!$D:$D, "TASK", Raw_Ticket_Data!$A:$A, "BEFORE", Raw_Ticket_Data!$B:$B, "COMMITTED", Raw_Ticket_Data!$E:$E, "P3 (Med)", Raw_Ticket_Data!$H:$H, "NEW") -> 2 | E4: =COUNTIFS(Raw_Ticket_Data!$D:$D, "TASK", Raw_Ticket_Data!$A:$A, "BEFORE", Raw_Ticket_Data!$B:$B, "COMMITTED", Raw_Ticket_Data!$E:$E, "P3 (Med)", Raw_Ticket_Data!$H:$H, "WIP") -> 1 | F4: =COUNTIFS(Raw_Ticket_Data!$D:$D, "TASK", Raw_Ticket_Data!$A:$A, "BEFORE", Raw_Ticket_Data!$B:$B, "COMMITTED", Raw_Ticket_Data!$E:$E, "P3 (med)", Raw_Ticket_Data!$H:$H, "On Hold") -> 0 | G4: =COUNTIFS(Raw_Ticket_Data!$D:$D, "TASK", Raw_Ticket_Data!$A:$A, "BEFORE", Raw_Ticket_Data!$B:$B, "COMMITTED", Raw_Ticket_Data!$E:$E, "P3 (med)", Raw_Ticket_Data!$H:$H, "Closed") -> 3
B5: P4 | C5: =SUM(D5:G5) -> 5 | D5: =COUNTIFS(Raw_Ticket_Data!$D:$D, "TASK", Raw_Ticket_Data!$A:$A, "BEFORE", Raw_Ticket_Data!$B:$B, "COMMITTED", Raw_Ticket_Data!$E:$E, "P4 (Low)", Raw_Ticket_Data!$H:$H, "NEW") -> 1 | E5: =COUNTIFS(Raw_Ticket_Data!$D:$D, "TASK", Raw_Ticket_Data!$A:$A, "BEFORE", Raw_Ticket_Data!$B:$B, "COMMITTED", Raw_Ticket_Data!$E:$E, "P4 (Low)", Raw_Ticket_Data!$H:$H, "WIP") -> 0 | F5: =COUNTIFS(Raw_Ticket_Data!$D:$D, "TASK", Raw_Ticket_Data!$A:$A, "BEFORE", Raw_Ticket_Data!$B:$B, "COMMITTED", Raw_Ticket_Data!$E:$E, "P4 (Low)", Raw_Ticket_Data!$H:$H, "On Hold") -> 0 | G5: =COUNTIFS(Raw_Ticket_Data!$D:$D, "TASK", Raw_Ticket_Data!$A:$A, "BEFORE", Raw_Ticket_Data!$B:$B, "COMMITTED", Raw_Ticket_Data!$E:$E, "P4 (Low)", Raw_Ticket_Data!$H:$H, "Closed") -> 4
B6: Total | C6: =SUM(D6:G6) -> 19 | D6: =SUM(D2:D5) -> 5 | E6: =SUM(E2:E5) -> 1 | F6: =SUM(F2:F5) -> 1 | G6: =SUM(G2:G5) -> 12
A8: Number of Issues created AFTER planning | B8: P1 | C8: =SUM(D8:G8) -> 8 | D8: =COUNTIFS(Raw_Ticket_Data!$D:$D, "TASK", Raw_Ticket_Data!$A:$A, "After", Raw_Ticket_Data!$B:$B, "Uncommitted", Raw_Ticket_Data!$E:$E, "P1 (Critical)", Raw_Ticket_Data!$H:$H, "NEW") -> 3 | E8: =COUNTIFS(Raw_Ticket_Data!$D:$D, "TASK", Raw_Ticket_Data!$A:$A, "After", Raw_Ticket_Data!$B:$B, "Uncommitted", Raw_Ticket_Data!$E:$E, "P1 (Critical)", Raw_Ticket_Data!$H:$H, "WIP") -> 4 | F8: =COUNTIFS(Raw_Ticket_Data!$D:$D, "TASK", Raw_Ticket_Data!$A:$A, "After", Raw_Ticket_Data!$B:$B, "Uncommitted", Raw_Ticket_Data!$E:$E, "P1 (Critical)", Raw_Ticket_Data!$H:$H, "On Hold") -> 0 | G8: =COUNTIFS(Raw_Ticket_Data!$D:$D, "TASK", Raw_Ticket_Data!$A:$A, "After", Raw_Ticket_Data!$B:$B, "Uncommitted", Raw_Ticket_Data!$E:$E, "P1 (Critical)", Raw_Ticket_Data!$H:$H, "Closed") -> 1
B9: P2 | C9: =SUM(D9:G9) -> 15 | D9: =COUNTIFS(Raw_Ticket_Data!$D:$D, "TASK", Raw_Ticket_Data!$A:$A, "After", Raw_Ticket_Data!$B:$B, "Uncommitted", Raw_Ticket_Data!$E:$E, "P2 (High)", Raw_Ticket_Data!$H:$H, "NEW") -> 0 | E9: =COUNTIFS(Raw_Ticket_Data!$D:$D, "TASK", Raw_Ticket_Data!$A:$A, "After", Raw_Ticket_Data!$B:$B, "Uncommitted", Raw_Ticket_Data!$E:$E, "P2 (High)", Raw_Ticket_Data!$H:$H, "WIP") -> 3 | F9: =COUNTIFS(Raw_Ticket_Data!$D:$D, "TASK", Raw_Ticket_Data!$A:$A, "After", Raw_Ticket_Data!$B:$B, "Uncommitted", Raw_Ticket_Data!$E:$E, "P2 (High)", Raw_Ticket_Data!$H:$H, "On Hold") -> 0 | G9: =COUNTIFS(Raw_Ticket_Data!$D:$D, "TASK", Raw_Ticket_Data!$A:$A, "After", Raw_Ticket_Data!$B:$B, "Uncommitted", Raw_Ticket_Data!$E:$E, "P2 (High)", Raw_Ticket_Data!$H:$H, "Closed") -> 12
B10: P3 | C10: =SUM(D10:G10) -> 12 | D10: =COUNTIFS(Raw_Ticket_Data!$D:$D, "TASK", Raw_Ticket_Data!$A:$A, "After", Raw_Ticket_Data!$B:$B, "Uncommitted", Raw_Ticket_Data!$E:$E, "P3 (Med)", Raw_Ticket_Data!$H:$H, "NEW") -> 2 | E10: =COUNTIFS(Raw_Ticket_Data!$D:$D, "TASK", Raw_Ticket_Data!$A:$A, "After", Raw_Ticket_Data!$B:$B, "Uncommitted", Raw_Ticket_Data!$E:$E, "P3 (Med)", Raw_Ticket_Data!$H:$H, "WIP") -> 7 | F10: =COUNTIFS(Raw_Ticket_Data!$D:$D, "TASK", Raw_Ticket_Data!$A:$A, "After", Raw_Ticket_Data!$B:$B, "Uncommitted", Raw_Ticket_Data!$E:$E, "P3 (med)", Raw_Ticket_Data!$H:$H, "On Hold") -> 0 | G10: =COUNTIFS(Raw_Ticket_Data!$D:$D, "TASK", Raw_Ticket_Data!$A:$A, "After", Raw_Ticket_Data!$B:$B, "Uncommitted", Raw_Ticket_Data!$E:$E, "P3 (med)", Raw_Ticket_Data!$H:$H, "Closed") -> 3
B11: P4 | C11: =SUM(D11:G11) -> 10 | D11: =COUNTIFS(Raw_Ticket_Data!$D:$D, "TASK", Raw_Ticket_Data!$A:$A, "After", Raw_Ticket_Data!$B:$B, "Uncommitted", Raw_Ticket_Data!$E:$E, "P4 (Low)", Raw_Ticket_Data!$H:$H, "NEW") -> 7 | E11: =COUNTIFS(Raw_Ticket_Data!$D:$D, "TASK", Raw_Ticket_Data!$A:$A, "After", Raw_Ticket_Data!$B:$B, "Uncommitted", Raw_Ticket_Data!$E:$E, "P4 (Low)", Raw_Ticket_Data!$H:$H, "WIP") -> 0 | F11: =COUNTIFS(Raw_Ticket_Data!$D:$D, "TASK", Raw_Ticket_Data!$A:$A, "After", Raw_Ticket_Data!$B:$B, "Uncommitted", Raw_Ticket_Data!$E:$E, "P4 (Low)", Raw_Ticket_Data!$H:$H, "On Hold") -> 0 | G11: =COUNTIFS(Raw_Ticket_Data!$D:$D, "TASK", Raw_Ticket_Data!$A:$A, "After", Raw_Ticket_Data!$B:$B, "Uncommitted", Raw_Ticket_Data!$E:$E, "P4 (Low)", Raw_Ticket_Data!$H:$H, "Closed") -> 3
B12: Total | C12: =SUM(C8:C11) -> 45 | D12: =SUM(D8:D11) -> 12 | E12: =SUM(E8:E11) -> 14 | F12: =SUM(F8:F11) -> 0 | G12: =SUM(G8:G11) -> 19
A14: Total Number of Support Tasks | B14: Total | C14: =SUM(D14:G14) -> 33 | D14: =COUNTIFS(Raw_Ticket_Data!$D:$D, "Support Task", Raw_Ticket_Data!$H:$H, "New") -> 7 | E14: =COUNTIFS(Raw_Ticket_Data!$D:$D, "Support Task", Raw_Ticket_Data!$H:$H, "WIP") -> 7 | F14: =COUNTIFS(Raw_Ticket_Data!$D:$D, "Support Task", Raw_Ticket_Data!$H:$H, "On Hold") -> 1 | G14: =COUNTIFS(Raw_Ticket_Data!$D:$D, "Support Task", Raw_Ticket_Data!$H:$H, "Closed") -> 18
B17: Planned Tasks (bar chart)
C18: =D1 -> Open | D18: =E1 -> WIP | E18: =F1 -> On Hold | F18: =G1 -> Closed
B19: P1 | C19: =D2 -> 2 | D19: =E2 -> 0 | E19: =F2 -> 0 | F19: =G2 -> 2
B20: P2 | C20: =D3 -> 0 | D20: =E3 -> 0 | E20: =F3 -> 1 | F20: =G3 -> 3
B21: P3 | C21: =D4 -> 2 | D21: =E4 -> 1 | E21: =F4 -> 0 | F21: =G4 -> 3
B22: P4 | C22: =D5 -> 1 | D22: =E5 -> 0 | E22: =F5 -> 0 | F22: =G5 -> 4
B23: Unplanned Tasks (bar chart)
C24: Open | D24: WIP | E24: On Hold | F24: Closed
B25: P1 | C25: =D8 -> 3 | D25: =E8 -> 4 | E25: =F8 -> 0 | F25: =G8 -> 1
B26: P2 | C26: =D9 -> 0 | D26: =E9 -> 3 | E26: =F9 -> 0 | F26: =G9 -> 12
B27: P3 | C27: =D10 -> 2 | D27: =E10 -> 7 | E27: =F10 -> 0 | F27: =G10 -> 3
B28: P4 | C28: =D11 -> 7 | D28: =E11 -> 0 | E28: =F11 -> 0 | F28: =G11 -> 3
E30: Cycle Time Trend Over Time
B31: Throughput By Sprint | E31: Sprint | G31: Avg Cycle Time
B32: Sprint 1 | C32: =Kanban_Metrics!E2 -> 7 | E32: Sprint 1 | G32: =AVERAGEIFS( Raw_Ticket_Data!N:N, Raw_Ticket_Data!H:H, "Closed", Raw_Ticket_Data!L:L, "Sprint 1" ) -> 9.1428571
B33: Sprint 2 | C33: =Kanban_Metrics!E3 -> 6 | E33: Sprint 2 | G33: =AVERAGEIFS( Raw_Ticket_Data!N:N, Raw_Ticket_Data!H:H, "Closed", Raw_Ticket_Data!L:L, "Sprint 2" ) -> 11
B34: Sprint 3 | C34: =Kanban_Metrics!E4 -> 9 | E34: Sprint 3 | G34: =AVERAGEIFS( Raw_Ticket_Data!N:N, Raw_Ticket_Data!H:H, "Closed", Raw_Ticket_Data!L:L, "Sprint 3" ) -> 14.333333
B35: Sprint 4 | C35: =Kanban_Metrics!E5 -> 11 | E35: Sprint 4 | G35: =AVERAGEIFS( Raw_Ticket_Data!N:N, Raw_Ticket_Data!H:H, "Closed", Raw_Ticket_Data!L:L, "Sprint 4" ) -> 13.090909
B36: Sprint 5 | C36: =Kanban_Metrics!E6 -> 6 | E36: Sprint 5 | G36: =AVERAGEIFS( Raw_Ticket_Data!N:N, Raw_Ticket_Data!H:H, "Closed", Raw_Ticket_Data!L:L, "Sprint 5" ) -> 14.333333
B37: Sprint 6 | C37: =Kanban_Metrics!E7 -> 11 | E37: Sprint 6 | G37: =AVERAGEIFS( Raw_Ticket_Data!N:N, Raw_Ticket_Data!H:H, "Closed", Raw_Ticket_Data!L:L, "Sprint 6" ) -> 14

Sheet Insights & Observations
A1: Kanban Delivery Analytics Dashboard
A3: Excel | Data Modeling | Flow Metrics
A4: Insights below are based on sample Kanban ticket data and are intended to demonstrate analytical interpretation rather than reflect a real team’s performance.
A7: Insight | E7: Analysis
A8: Cycle Time Trends | E8: Based on the cycle time trend, cycle time remained stable across most sprints, with the lowest average cycle time observed in Sprint 1. Reviewing ticket mix and WIP levels during Sprint 1 may help identify practices that contributed to faster delivery and could be replicated in future sprints.
A10: Status Distribution | E10: Closed and In Progress tickets make up the majority of work, indicating steady throughput across the PI. A small number of On Hold items suggests limited external blockers. However, periodic review of these tickets may help prevent long-running stagnation.
A12: Planned vs. Unplanned Work | E12: The Planned vs Unplanned bar chart shows that unplanned work represents a consistent portion of total delivery, reducing planned capacity each sprint. This pattern highlights the importance of reserving buffer capacity during PI planning to maintain delivery predictability.
A14: Priority Mix | E14: Most completed tickets fall within Medium and High priority levels, with few Critical items observed. This suggests effective prioritization and minimal reactive work, allowing the team to focus on planned delivery rather than urgent interruptions.

Sheet README
A1: Kanban Delivery Analytics Dashboard
A2: Excel | Data Modeling | Flow Metrics
A4: Project Overview:
A5: This dashboard is inspired by a real-world Kanban reporting solution I designed while supporting a DevOps team. For this project, I recreated the structure using synthetic data to focus on metric design, data modeling, and visualization best practices. The dashboard highlights workflow trends, delivery performance, and operational insights intended to support continuous improvement and stakeholder communication.
A6: Business Problem:
A7: Kanban teams often struggle to maintain visibility into work in progress, delivery predictability, and flow efficiency. Leadership typically requires clear, concise metrics to understand progress without disrupting team workflows.
A9: Project Objectives:
A10: > Track work status and flow using Kanban metrics > Analyze cycle time trends across sprints > Compare planned vs unplanned work > Provide clear, executive-friendly visualizations
A11: Data Description:
A12: The dataset consists of 99 synthetic Kanban tickets modeled after a DevOps team workflow. Each ticket includes key attributes used to analyze flow and delivery performance. Key fields include: > Status (New, WIP, Closed, On Hold, Cancelled) > Priority (P1-P4) > Sprint (Sprint 1-6) > Start Date, ETA, Close Date > Calculated Cycle Time
A13: Metrics & Calculations
A14: Key metrics were calculated using Excel formulas and include cycle time, throughput, forecast accuracy, and planned vs. unplanned work distribution.
... A23: > Microsoft Excel > Tables and Charts > Excel Formulas (AVERAGEIFS, COUNTIFS, etc.)
